Statistical Areas Level 2 2021 code,Suburb,2011_Forecast,2012_Forecast,2013_Forecast,2014_Forecast,2015_Forecast,2016_Forecast,2017_Forecast,2018_Forecast,2019 Forecast
201011001,Alfredton,53432.300711059375,47374.84602819675,48517.071459882514,49263.56564541224,50170.087016083475,53590.37696088224,54500.94672528056,55590.965659786176,54662.18450009989
201011002,Ballarat,53427.64968635293,48983.46398459512,49079.438428273264,51245.827182405366,50976.85632697271,53620.92023609352,54496.202680079994,55586.126733681594,54693.3386408154
201011005,Buninyong,53434.16820310757,48096.02633810437,48160.656679619395,48454.660942990165,49869.71029012126,53939.77255927237,54502.851567169724,55592.90859851312,55018.56801045782
201011006,Delacombe,53433.45826713311,42962.681073906686,44104.5529138252,44806.35963315291,45933.59660790276,53557.35258474327,54502.12743247577,55592.169981125284,54628.49963643814
201011007,Smythes Creek,53427.64968635293,45307.81975593037,45709.90597601047,46621.391934684354,48000.55682111745,53863.034578714636,54496.202680079994,55586.126733681594,54940.29527028893
201011008,Wendouree - Miners Rest,53433.45826713311,41728.89905387921,42400.53777042473,43259.18674276453,43300.63046701038,53392.926373350085,54502.12743247577,55592.169981125284,54460.78490081709
201031016,Maryborough (Vic.),53438.10929183955,38331.35057087391,39008.08736999102,38659.78797171822,39430.16016902395,53437.83523954242,54506.871477676345,55597.00890722987,54506.591944333275
202011018,Bendigo,53438.10929183955,42918.844333902074,43916.58032482664,44828.75763758455,45418.348530167685,53373.239586303825,54506.871477676345,55597.00890722987,54440.70437802991
202011019,California Gully - Eaglehawk,53438.10929183955,40446.62181852094,41260.64263921247,41916.58691070267,42244.852667394545,53374.60566694073,54506.871477676345,55597.00890722987,54442.097780279546
202011020,East Bendigo - Kennington,53438.10929183955,43434.30003532465,44305.80352741638,44420.69987685652,45134.137419761784,53531.687197446205,54506.871477676345,55597.00890722987,54602.320941395126
202011021,Flora Hill - Spring Gully,53438.10929183955,42815.07087448056,44081.220617156236,45176.705384631176,45148.5803903324,53512.004965156484,54506.871477676345,55597.00890722987,54582.24506445962
202011022,Kangaroo Flat - Golden Square,53438.10929183955,41940.28478625858,42717.00717948648,43201.78548184921,43607.491847642224,53340.54967296128,54506.871477676345,55597.00890722987,54407.36066642051
202011023,Maiden Gully,53434.16820310757,46759.46488543062,47537.80502916828,48141.139350959995,50377.39186014194,53838.90971418807,54502.851567169724,55592.90859851312,54915.68790847183
202011024,Strathfieldsaye,53434.16820310757,49360.02333822001,50373.59091600412,50619.55762439769,51648.11408428897,53896.39215341768,54502.851567169724,55592.90859851312,54974.31999648603
202011025,White Hills - Ascot,53438.10929183955,45132.4869401261,45998.8559682051,46288.597703435255,46651.29405320898,53491.92009996665,54506.871477676345,55597.00890722987,54561.75850196598
202021027,Castlemaine,53449.58181944878,41040.30699407038,40124.62489811443,41007.26030091861,40670.478576318514,53747.32439674342,54518.57345583776,55608.944924954514,54822.270884678284
202021031,Woodend,53443.31729840473,48684.57652138564,49329.82239344725,51826.2565953546,52319.88622881209,53936.65654963296,54512.183644372824,55602.427317260284,55015.389680625616
203021037,Belmont,53445.16646603939,43948.73181664632,43987.232986840325,44644.94054778279,44289.378975018764,53478.92512888311,54514.06979536018,55604.35119126738,54548.50363146077
203021039,Geelong,53439.35788525921,46787.37696682526,48253.567932590784,48313.535882940065,49217.77413241244,53543.88025709631,54508.145042964396,55598.30794382368,54614.757862238235
203021040,Geelong West - Hamlyn Heights,53439.35788525921,46990.59457343897,47674.00042283718,48542.13413143384,50154.69759379483,53483.545370396816,54508.145042964396,55598.30794382368,54553.21627780476
203021042,Highton,53438.901944995334,47155.48838228392,47683.58928943095,47984.191388807056,49354.49127262796,53754.90527384304,54507.67998389524,55597.83358357315,54830.0033793199
203021044,Leopold,53439.35788525921,45190.207634830374,45893.47361779251,46031.95594892347,46877.98173095089,53778.870589985,54508.145042964396,55598.30794382368,54854.4480017847
203021045,Newcomb - Moolap,53445.16646603939,41821.25902716915,41753.59691794564,42366.979910168615,42884.02465071106,53396.42739764483,54514.06979536018,55604.35119126738,54464.35594559773
203021046,Newtown (Vic.),53438.901944995334,50639.1717393771,52364.63124958071,53295.557437403586,55028.58390076338,54047.00818660003,54507.67998389524,55597.83358357315,55127.94835033204
203021047,North Geelong - Bell Park,53445.16646603939,43661.82635883665,44331.06975392587,45623.19134886041,46718.77646519058,53602.0248201193,54514.06979536018,55604.35119126738,54674.065316521686
203031048,Clifton Springs,53445.16646603939,42594.77196880468,42703.549827192204,43353.98096721677,45436.17319617829,53632.14657529379,54514.06979536018,55604.35119126738,54704.789506799665
203031053,Torquay,53438.901944995334,46924.27673168029,47690.37432338041,48534.141704861395,49896.87144538989,53835.00493737312,54507.67998389524,55597.83358357315,54911.705036120584
204011056,Kilmore - Broadford,53445.90974645658,45169.75192370178,46293.54243886944,47079.782765003365,47708.75458006564,53533.562572232826,54514.82794138571,55605.124500213424,54604.23382367748
204021063,Benalla,53445.12620501679,39846.77489189882,40370.29838286861,41632.892368587796,42379.82624028469,53722.09940678474,54514.02872911713,55604.309303699476,54796.54139492044
204021066,Wangaratta,53445.12620501679,41932.57315729092,42990.28576971486,43675.816521393244,44570.396187755614,53409.02800851819,54514.02872911713,55604.309303699476,54477.208568688555
204031068,Beechworth,53445.12620501679,40336.83495536248,41948.21008768138,43049.04059368705,42751.0869126692,54008.12062122868,54514.02872911713,55604.309303699476,55088.28303365325
204031073,West Wodonga,53439.31762423662,46109.24973576692,46965.88866389671,47717.648552661696,48131.11683031689,53491.54394941247,54508.10397672135,55598.26605625578,54561.37482840072
205011079,Warragul,53447.80864103748,42495.657879723985,43597.87567140201,43831.50866432386,44472.913157168485,53523.91928827009,54516.76481385823,55607.1001101354,54594.39767403549
205021081,Bairnsdale,53447.80864103748,40887.885172683644,41567.14516077145,41898.77426992636,41879.823910715415,53479.4255589,54516.76481385823,55607.1001101354,54549.014070078
205031089,Korumburra,53450.23944689787,38764.065629407254,39554.72247325079,39411.41722828723,40688.40601657165,53804.99067324348,54519.244235835824,55609.62912055254,54881.09048670835
205051103,Sale,53450.23944689787,45405.60011918282,45109.27518369291,45239.47272246716,45584.81273894935,53429.21376959566,54519.244235835824,55609.62912055254,54497.798044987576
206011106,Brunswick East,53446.06540202716,49513.02792173595,51754.56927146069,52387.75001571206,53821.251539652265,53971.2553356739,54514.98671006771,55605.28644426906,55050.68044238738
206011107,Brunswick West,53445.13664200985,49452.366866859076,50123.46023007782,51096.10994756244,50513.60108527148,53864.0917200276,54514.03937485005,55604.32016234705,54941.37355442815
206011109,Pascoe Vale South,53445.13664200985,50112.39868185985,51238.28166837615,53135.826621892025,54674.721912284214,53923.70161826381,54514.03937485005,55604.32016234705,55002.17565062909
206021110,Alphington - Fairfield,53439.24389912437,53921.21098320108,54191.79401453973,55044.5791969865,56474.770237775396,53967.19000423418,54508.028777106854,55598.189352648995,55046.53380431887
206021112,Thornbury,53438.315139107064,50571.374033408836,50727.10701862467,52487.57607588671,53126.33629550098,53882.912924694305,54507.081441889204,55597.22307072699,54960.57118318819
206031113,Ascot Vale,53441.8030027335,54825.770908699196,55587.065482431804,56365.24940751107,57197.56173648004,53873.11378572838,54510.63906278817,55600.85184404394,54950.57606144295
206031115,Flemington,53441.33018298006,47612.04044911815,48876.08825986774,48652.324756519505,48475.47274386304,53751.365733021776,54510.156786639665,55600.35992237246,54826.39304768221
206031116,Moonee Ponds,53442.96471888953,55880.209394539634,57299.049947132524,58134.56764176378,58131.47068815039,53983.259729184225,54511.82401326732,55602.06049353267,55062.92492376791
206041117,Carlton,53439.01852399289,39761.89879612961,38755.35072926595,37997.26927895204,35603.90768570782,53808.0840216973,54507.79889447275,55597.95487236221,54884.24570213125
206041118,Docklands,53456.52952527831,53708.68139716638,55009.6945980925,54776.89654680332,51087.47902423393,53655.17134930592,54525.66011578388,55616.17331809956,54728.27477629204
206041119,East Melbourne,53456.52952527831,67882.37049317898,68573.43674302135,71178.50807851672,70107.04079365851,53541.88529996553,54525.66011578388,55616.17331809956,54612.72300596484
206041120,Flemington Racecourse,53456.52952527831,58612.57405081169,58807.61706209865,47607.823714941536,50859.971782019114,,54525.66011578388,55616.17331809956,
206041121,Kensington (Vic.),53456.52952527831,58205.915803869626,58791.09622483183,59204.55986587341,61403.74163647973,53928.83256100057,54525.66011578388,55616.17331809956,55007.409212220584
206041124,Parkville,53451.33692104335,44219.89664698782,44710.180663737796,46710.04615431184,45818.30517053636,53872.07462836044,54520.36365946422,55610.77093265351,54949.51612092765
206041125,South Yarra - West,53456.52952527831,67997.59282887107,68295.49318603052,68554.28900989001,67432.01121047474,53552.24019364023,54525.66011578388,55616.17331809956,54623.28499751304
206041127,West Melbourne,,,,,63870.09406240554,,,,
206051128,Albert Park,53468.70273889484,66199.9175256544,65673.32933425976,67656.54201220465,65896.66304933047,54100.82667597072,54538.076793672735,55628.83832954619,55182.843209490136
206051129,Elwood,53468.70273889484,60582.035972771526,60803.861707958706,62368.08600576935,62469.07157532524,53893.11913604068,54538.076793672735,55628.83832954619,54970.981518761495
206051130,Port Melbourne,53468.70273889484,66991.0610271618,67963.78885406355,69202.5587774707,70281.70280513092,54021.64386470457,54538.076793672735,55628.83832954619,55102.076741998666
206051134,St Kilda East,53469.32287552236,51429.61772803772,52980.46965034021,53093.54014417093,53307.97572323964,53912.2767985987,54538.709333032806,55629.483519693465,54990.522334570676
206061135,Armadale,53466.37930658277,62353.02887411435,63324.87869502448,64251.83898152938,64012.85913702801,53754.81977905911,54535.70689271443,55626.421030568716,54829.91617464029
206061136,Prahran - Windsor,53466.37930658277,55866.99176296835,57655.62578275676,54840.52772130825,57815.003238058416,53962.82310849067,54535.70689271443,55626.421030568716,55042.079570660484
206061138,Toorak,53466.37930658277,68813.33559401394,70743.99667946462,71704.16408091653,74091.18919498837,53808.815769286506,54535.70689271443,55626.421030568716,54884.99208467224
206071139,Abbotsford,53454.919259220456,51697.64961638369,53894.29099956624,56438.1340672768,57077.38796197627,53913.28377390148,54524.01764440486,55614.49799729296,54991.54944937951
206071140,Carlton North - Princes Hill,53454.919259220456,53573.499027061625,54466.52002961301,54544.789840971585,54521.639595825094,53954.94617930649,54524.01764440486,55614.49799729296,55034.045102892625
206071141,Collingwood,53433.06152314132,50549.2608719778,50656.91130925053,53396.07964384858,54992.88845459134,53870.840625379045,54501.72275360415,55591.75720867623,54948.25743788663
206071142,Fitzroy,53459.958909339686,51154.659534239945,52162.053894063894,53495.567318824054,54310.401490328506,53827.98914532788,54529.158087526484,55619.741249277016,54904.54892823444
206071143,Fitzroy North,53455.53939584798,55278.040005793584,56013.07718520481,57488.90483246005,58626.89498167092,54105.5653703276,54524.65018376494,55615.14318744024,55187.67667773415
206071145,Yarra - North,53458.15131183856,59862.459387835945,60228.43879618865,61635.53386942362,62761.36259186549,54001.58932933188,54527.31433807533,55617.86062483684,55081.62111591852
207011146,Ashburton (Vic.),53430.44280905484,55049.479650778776,55256.46261969764,57767.668828577895,58725.3122932488,53863.8351195762,54499.05166523594,55589.03269854066,54941.11182196772
207011147,Balwyn,53430.44280905484,51182.1217221919,51612.00444687783,51902.87996738011,50390.5568340095,54036.52899051976,54499.05166523594,55589.03269854066,55117.259570330156
207011148,Balwyn North,53430.44280905484,49072.4441166079,50200.75719659557,50121.16970339601,51053.64408989537,53978.86106685401,54499.05166523594,55589.03269854066,55058.43828819109
207011149,Camberwell,53455.558342469645,55656.80661204761,56193.74540076665,57379.71753028974,57127.134623579725,54036.28953778706,54524.669509319036,55615.16289950542,55117.0153285428
207011150,Glen Iris - East,53455.558342469645,57836.82645862219,58803.39744973451,60223.576301806905,60841.59614404214,53796.51497530854,54524.669509319036,55615.16289950542,54872.445274814716
207011152,Hawthorn East,53455.558342469645,56511.373063534134,57382.00712570973,58768.81423029473,59929.32167788428,53995.96969476004,54524.669509319036,55615.16289950542,55075.88908865524
207011154,Kew East,53445.94622474299,54957.25629302473,54845.58748804129,54507.596209275245,54887.30492403606,53828.13588277608,54514.86514923785,55605.162452222605,54904.6986004316
207011155,Surrey Hills (West) - Canterbury,53455.558342469645,57704.17294614102,57803.690372065044,59354.08189937948,60711.644402235324,53827.56446102094,54524.669509319036,55615.16289950542,54904.11575024136
207021156,Bulleen,53475.36138176285,45406.65832054808,46835.98277538955,47805.57561084944,47329.86109612262,53907.28322360688,54544.86860939811,55635.765981586075,54985.42888807902
207021160,Templestowe Lower,53477.22887381104,46166.59076513957,45964.84481519083,47020.00455924134,47582.084070743986,53889.87418268435,54546.773451287256,55637.708920313,54967.671666338036
207021424,Doncaster East (North),53500.202432705686,44469.39344387956,44528.08885002433,44383.58813277015,45006.12482634187,54028.35840905173,54570.2064813598,55661.610610986994,55108.92557723277
207021425,Doncaster East (South),53498.33494065749,43308.22181056627,43541.665189670035,44773.58437217253,43874.47259591405,53867.97199132814,54568.30163947064,55659.66767226005,54945.3314311547
207031162,Blackburn South,53513.09185017592,47274.683939153525,48015.03885927451,48240.06591022752,47265.6182915262,53883.49968631787,54583.35368717944,55675.020760923035,54961.16968004422
207031163,Box Hill,53513.09185017592,42180.84546600446,42063.80884027218,42142.65955640327,38537.6977954037,53867.111838055054,54583.35368717944,55675.020760923035,54944.45407481616
207031164,Box Hill North,53514.95934222411,46938.027106142225,47763.97972914719,47690.60637740392,47687.558549661415,53970.22491166845,54585.25852906859,55676.96369964996,55049.62940990182
207031165,Burwood,53518.90043095609,39114.226077641135,39159.548008615486,37801.615439104906,35978.531838123075,54005.81336281536,54589.27843957522,55681.064008366724,55085.92963007167
207031166,Burwood East,53518.90043095609,41066.956142349765,41872.36868870939,42662.2795555323,41940.62631135146,53891.82709319299,54589.27843957522,55681.064008366724,54969.66363505685
207031167,Surrey Hills (East) - Mont Albert,53538.986111575614,54325.69937227645,54766.7291058828,56275.09982744691,56570.30705961082,53974.97418750085,54609.76583380713,55701.96115048327,55054.47367125087
208011168,Beaumaris,53601.72776797722,53091.594152031954,53875.17743914027,54431.86715813577,55727.72828342222,53895.00344344658,54673.76232333677,55767.23756980351,54972.90351231551
208011169,Brighton (Vic.),53596.14653832949,61764.266427942945,62384.7668979329,63930.248813309416,63593.55022604605,54168.63248559184,54668.06946909608,55761.430858478,55252.00513530368
208011170,Brighton East,53596.76667495702,53510.71028390173,55378.9069474427,57190.609572001005,57537.61051156678,54081.69174439988,54668.70200845616,55762.076048625284,55163.325579287884
208011171,Cheltenham - Highett (West),53569.86928875865,52342.75919988802,52590.95771462184,53829.21106411683,55186.76408420627,53899.083100105505,54641.26667453383,55734.092008024505,54977.06476210761
208011172,Hampton,53575.9920979349,55202.494041844475,55785.20209052511,56419.167033102625,57709.538642374435,54009.99375672427,54647.51193989359,55740.462178691465,55090.193631858754
208011173,Sandringham - Black Rock,53596.76667495702,56165.17342119643,57354.217917542504,58720.48243850778,59811.592377360685,54102.34339313172,54668.70200845616,55762.076048625284,55184.390260994354
208021174,Bentleigh - McKinnon,53569.86928875865,51484.573428163174,51720.333105736565,52385.85775936651,53446.90092758113,54046.31842926805,54641.26667453383,55734.092008024505,55127.24479785341
208021176,Carnegie,53566.77848102384,50703.454167089345,51406.91672486727,52019.143345696495,51702.93242905259,53952.9317003385,54638.11405064431,55730.8763316572,55031.99033434527
208021177,Caulfield - North,53588.40470588823,52854.74452017423,54674.40661216225,54722.71168840596,55494.2238731425,54091.74700712263,54660.172800005996,55753.376256006115,55173.581947265084
208021178,Caulfield - South,53572.90129020008,51426.76513552262,52192.48833317634,54032.0404775803,54345.400031705416,54026.915897743274,54644.359316004084,55737.24650232417,55107.45421569814
208021179,Elsternwick,53588.40470588823,56354.80883881692,57205.792205263555,57518.622350964695,59125.701705376356,53920.100101076314,54660.172800005996,55753.376256006115,54998.50210309784
208021180,Hughesdale,53566.77848102384,49407.999281855875,50913.39811983023,52003.35258645405,52205.658664505565,53991.05206211436,54638.11405064431,55730.8763316572,55070.873103356644
208021181,Murrumbeena,53566.77848102384,50810.872828852145,51746.12698585091,52580.616324259834,52669.021756751645,54026.255497076614,54638.11405064431,55730.8763316572,55106.78060701815
208021182,Ormond - Glen Huntly,53566.77848102384,49636.64765072956,50707.6073922345,51462.93052522205,51866.38355217152,53908.86873079085,54638.11405064431,55730.8763316572,54987.04610540667
208021426,Bentleigh East (North),53566.77848102384,50417.927627334066,50828.2443020506,51431.037731744036,52452.033731154195,53987.73192963988,54638.11405064431,55730.8763316572,55067.48656823268
208021427,Bentleigh East (South),53566.77848102384,48939.8788367856,49591.18094065103,50875.01765334171,51900.605975441926,53988.56549730894,54638.11405064431,55730.8763316572,55068.33680725512
208031183,Aspendale Gardens - Waterways,53570.11085489424,49804.969014272625,50577.72575572951,50935.75217211213,51390.75722073998,54026.151565653454,54641.51307199213,55734.34333343197,55106.67459696652
208031184,Braeside,,49254.047726044846,51371.17224464905,49334.07526390843,48936.366594370425,53592.827771734526,,,54664.68432716922
208031185,Carrum - Patterson Lakes,53570.11085489424,50593.33428330441,50642.410742935754,51478.1884967619,52795.837037223704,53936.40572259565,54641.51307199213,55734.34333343197,55015.133837047564
208031186,Chelsea - Bonbeach,53568.24336284605,49817.85640332437,51041.55884183542,52507.54660393447,53607.57618083594,53868.64456960451,54639.608230102975,55732.40039470504,54946.017460996605
208031187,Chelsea Heights,53568.24336284605,48329.04141356033,49147.8601200077,49761.09368480598,50073.512057763284,53930.91056915029,54639.608230102975,55732.40039470504,55009.5287805333
208031188,Cheltenham - Highett (East),53568.24336284605,48587.35334690424,49000.15047061414,50154.82550471843,51789.85216552656,53817.310685095166,54639.608230102975,55732.40039470504,54893.65689879707
208031189,Edithvale - Aspendale,53570.11085489424,50831.757378334005,51804.28971139569,53457.35505171182,54700.91168798203,53854.91635834204,54641.51307199213,55734.34333343197,54932.01468550888
208031190,Mentone,53570.11085489424,50315.47771260974,51477.364353654615,53010.89844747721,53448.81739888337,54020.07532406556,54641.51307199213,55734.34333343197,55100.476830546875
208031191,Moorabbin - Heatherton,53570.11085489424,48264.03520435361,49233.08916629129,49791.2950592773,50692.36356785246,53911.50733235454,54641.51307199213,55734.34333343197,54989.737479001626
208031192,Moorabbin Airport,,,,,65690.61079937199,,,,
208031193,Mordialloc - Parkdale,53570.11085489424,52402.50702424827,53418.06100522622,53999.17917122924,55895.92745083262,53975.36654025351,54641.51307199213,55734.34333343197,55054.87387105858
208041194,Malvern - Glen Iris,53595.22638830905,59540.72214640894,61137.48709512825,62606.2478816315,62161.10814805525,54101.60414409565,54667.13091607523,55760.47353439673,55183.63622697756
208041195,Malvern East,53570.11085489424,54734.361292442,56088.25414636021,56091.2145755191,56609.11626922771,54061.247640238966,54641.51307199213,55734.34333343197,55142.47259304375
209011196,Bundoora - East,53572.04433029109,43961.62942286419,44149.567977560335,45137.77423327026,45440.31141996325,53875.28975492983,54643.485216896916,55736.35492123485,54952.79555002843
209011197,Greensborough,53573.91182233928,50021.08695696005,51139.4516385003,52695.18123156564,53425.686258771886,53804.95271755466,54645.39005878607,55738.29785996179,54881.05177190575
209011198,Heidelberg - Rosanna,53573.91182233928,52231.88022419618,52658.353455018405,53246.42023925621,53238.85085696575,53986.14317915949,54645.39005878607,55738.29785996179,55065.86604274268
209011199,Heidelberg West,53573.20604644713,43599.315536648945,44656.17173657997,45766.53094896788,46838.540010149474,53565.668724951574,54644.67016737607,55737.56357072359,54636.98209945061
209011201,Ivanhoe East - Eaglemont,53601.350788066164,57391.51948255995,57364.376408221535,58456.774061096,59037.30659199679,53888.731348940644,54673.37780382749,55766.845359904044,54966.505975919456
209011203,Viewbank - Yallambie,53573.91182233928,50307.88582804869,51204.266825520725,52154.08853125727,53219.94655997589,53867.46488298797,54645.39005878607,55738.29785996179,54944.814180647736
209011204,Watsonia,53572.04433029109,49451.067838493174,50870.576640111474,51841.58491360034,52584.82108786099,53848.382668192215,54643.485216896916,55736.35492123485,54925.35032155606
209021428,Preston - East,53575.68659295723,44838.5338626877,45603.7737445456,46697.994492956066,47977.14501191893,53728.63209831698,54647.200324816375,55740.1443313127,54803.20474028332
209021429,Preston - West,53574.524876801195,46724.82908667407,48723.59847541884,50057.435668149774,50761.910308923754,53914.816385363825,54646.01537433722,55738.93568182397,54993.1127130711
209031209,Eltham,53577.76218813905,51286.759980675415,51949.468939463884,53731.5988642959,54593.691111620814,53981.67745705515,54649.317431901836,55742.30378053987,55061.31100619625
209031210,Hurstbridge,53576.600471983016,48150.50103347472,47454.16054301512,50356.881266790915,49920.773349375966,53697.77784288716,54648.132481422675,55741.09513105113,54771.7333997449
209031215,Wattle Glen - Diamond Creek,53577.76218813905,50254.44868370346,51259.40489826179,52230.70590820501,53115.48338438508,53934.221503923996,54649.317431901836,55742.30378053987,55012.905934002476
209041216,Bundoora - North,53577.70473958689,45721.97163964663,45283.26835748568,46410.89929668374,46673.49209288287,53951.05010445649,54649.25883437863,55742.2440110662,55030.07110654562
209041217,Bundoora - West,53578.866455742915,42959.63741114222,43028.243349009426,42729.061263179494,42991.81427143981,53893.770629869396,54650.44378485777,55743.45266055493,54971.64604246678
209041220,Mill Park - North,53577.70473958689,45321.85779584436,46206.2554993701,47247.04522749574,47622.76291439942,53777.08474738727,54649.25883437863,55742.2440110662,54852.626442335015
209041223,Thomastown,53578.866455742915,40574.97141844929,40620.03754994127,41272.858831777434,41397.87258068647,53573.79024468771,54650.44378485777,55743.45266055493,54645.26604958147
209041431,Epping - East,53581.390852663804,43690.678095024705,43460.642106534055,44830.934093096366,45302.23620950042,53598.23239478023,54653.01866971708,55746.07904311142,54670.197042675834
209041432,Epping - South,53581.390852663804,42167.15160391936,42759.20593300387,43671.6484186134,43592.01961277464,53770.326318670064,54653.01866971708,55746.07904311142,54845.732845043465
209041433,Epping - West,53582.096628555955,47492.288745248756,47634.02310307153,47814.759019372184,48217.80405915167,53934.37275098665,54653.73856112707,55746.813332349615,55013.06020600638
209041436,South Morang (South),53580.22913650777,47145.046329045974,47359.94484953117,48355.48890174836,49114.759741714595,53748.40916679305,54651.833719237926,55744.87039362269,54823.37735012891
209041437,Wollert,53582.096628555955,50010.068451551466,48597.92674312604,48918.76729116466,48602.013711079766,53725.4357404474,54653.73856112707,55746.813332349615,54799.94445525635
210011226,Airport West,53595.4505990881,50173.33195671802,50893.22720219868,52499.778635778406,53533.31991874437,53844.185917351904,54667.35961106986,55760.706803291265,54921.06963569894
210011227,Essendon Airport,,,,53560.44800832354,49943.91270844036,,,,
210011228,Keilor,53595.4505990881,48976.90135942585,49525.30787457792,50090.43912555683,51215.96747006375,53914.4424027658,54667.35961106986,55760.706803291265,54992.73125082112
210011231,Strathmore,53598.47980729232,52406.04236027918,53414.414423408474,55486.18430096429,56277.62643393051,54038.427531651774,54670.44940343817,55763.85839150694,55119.19608228481
210021232,Gisborne,53597.31809113629,50191.18107714824,50958.4130885098,52514.845141092905,54090.11464455009,53936.37339824766,54669.26445295901,55762.64974201819,55015.10086621262
210021233,Macedon,53597.31809113629,51472.02744784544,53982.223584779465,54659.7932308556,57023.829287375826,53778.85427570928,54669.26445295901,55762.64974201819,54854.43136122347
210021234,Riddells Creek,53597.31809113629,48436.03485532701,50153.93893430857,51283.04657517506,52861.35946420358,53947.701716409356,54669.26445295901,55762.64974201819,55026.65575073755
210031236,Coburg North,53596.612315244136,45393.737641432024,47135.02970600564,47794.28350347349,48960.93564709682,54050.72666868411,54668.54456154902,55761.91545278,55131.74120205779
210031237,Fawkner,53596.612315244136,40170.37730459623,39953.94036787184,41022.26057201529,41859.33355505207,53684.49562351208,54668.54456154902,55761.91545278,54758.18553598232
210031439,Gowanbrae,53597.31809113629,53931.86831194792,54109.170479181244,55524.01454943701,55783.34497405982,53960.21061334148,54669.26445295901,55762.64974201819,55039.414825608306
210031440,Hadfield,53596.612315244136,43552.13621490845,43851.142309841096,45561.49061811683,47433.23234113636,53965.917881614245,54668.54456154902,55761.91545278,55045.23623924653
210051242,Broadmeadows,53595.98981789474,37790.0013354515,37596.797019881866,37506.81760337641,36481.330641290246,53584.8419054869,54667.90961425264,55761.2678065377,54656.53874359664
210051243,Campbellfield - Coolaroo,53595.98981789474,36572.169063452835,36612.660330685525,37907.02752792745,37828.852170218,53498.785130850105,54667.90961425264,55761.2678065377,54568.76083346711
210051245,Gladstone Park - Westmeadows,53594.828101738705,46033.45563599848,46581.84399368196,47386.933654020024,48421.36463034987,53685.76271648975,54666.72466377348,55760.05915704895,54759.47797081954
210051247,Meadow Heights,53595.98981789474,37206.27207602261,36810.932380603794,37918.24672028106,38345.3926409604,53603.37193060436,54667.90961425264,55761.2678065377,54675.439369216445
210051250,Tullamarine,53594.828101738705,46483.082070827986,46707.361681344366,48618.36872492309,49113.77120647133,53843.79703293621,54666.72466377348,55760.05915704895,54920.672973594934
210051441,Craigieburn - Central,53595.98981789474,43689.39172859604,44442.00039672307,45589.041987085606,45455.26273906425,53631.267702309495,54667.90961425264,55761.2678065377,54703.893056355686
210051443,Craigieburn - South,53594.828101738705,45147.38149842775,45515.64629130471,46167.33394106493,46664.17434182411,53611.38922932911,54666.72466377348,55760.05915704895,54683.61701391569
211011251,Bayswater,53605.23179528158,45314.5748177345,45673.17407084867,46670.24265044531,46864.94711508057,53778.346102149204,54677.336431187214,55770.88315981096,54853.91302419219
211011255,Lysterfield,53608.26100348581,50499.71106042824,50716.715295232054,51613.423542861834,52523.66463989411,53940.7456536232,54680.42622355552,55774.034748026635,55019.56056669566
211011256,Rowville - Central,53607.09928732977,46973.23770354228,47508.459990777716,48290.723125167555,48728.23046154685,53903.57439168938,54679.24127307637,55772.826098537895,54981.64587952317
211011257,Rowville - North,53607.09928732977,50179.54931337334,49422.97656583573,49945.34884918049,50486.20562232411,53889.61889591257,54679.24127307637,55772.826098537895,54967.411273830825
211011259,Wantirna,53607.09928732977,45614.757929811894,45896.77229562975,46445.596687900186,47087.083986124024,53992.51835876127,54679.24127307637,55772.826098537895,55072.368725936496
211011446,Boronia,53605.23179528158,45522.41401651174,46647.77286108621,47251.96797155406,47722.003384176285,53611.92244703558,54677.336431187214,55770.88315981096,54684.16089597629
211011447,Ferntree Gully (North),53605.23179528158,46036.3656133856,46662.23009917214,47803.721011122936,48385.69322666746,53857.4037360775,54677.336431187214,55770.88315981096,54934.55181079905
211011448,Ferntree Gully (South) - Upper Ferntree Gully,53605.23179528158,46142.93240172406,46984.637506562096,48005.11394006364,48216.74421781626,53779.58769301011,54677.336431187214,55770.88315981096,54855.17944687031
211011449,The Basin,53607.09928732977,46300.0754440031,47583.68989570222,49972.8566528426,49766.82220788191,53873.73650570356,54679.24127307637,55772.826098537895,54951.21123581763
211031263,Bayswater North,53606.579331541914,46835.26548354491,48018.22370294362,48994.91258371533,49342.821644749165,53814.030677195944,54678.71091817275,55772.28513653621,54890.31129073986
211031265,Croydon Hills - Warranwood,53608.44682359011,48824.67296746736,49649.51521046441,50231.336276711314,51011.05021100739,53898.55669018325,54680.61576006191,55774.22807526315,54976.527823986915
211031266,Ringwood,53606.579331541914,45192.10380970094,45938.99287407192,46761.480077388114,47358.45880291349,53598.92515837877,54678.71091817275,55772.28513653621,54670.90366154635
211031267,Ringwood East,53608.44682359011,47920.256035633305,48653.438267767895,49528.14066440391,50501.02797277197,53780.51120069428,54680.61576006191,55774.22807526315,54856.121424708166
211031268,Ringwood North,53608.44682359011,49088.80549311191,49709.57849660691,50979.98163179302,51341.63426471895,53847.1396115991,54680.61576006191,55774.22807526315,54924.08240383108
211031450,Croydon - East,53606.579331541914,46480.54361029553,47250.00459488146,48325.17879471428,48664.21423880059,53778.097638301784,54678.71091817275,55772.28513653621,54853.65959106782
211031452,Croydon South,53606.579331541914,47596.156323633266,48106.35615497325,49455.816963602956,50353.69861436525,53991.17205805783,54678.71091817275,55772.28513653621,55070.99549921899
211041269,Forest Hill,53606.579331541914,44953.753500289175,44782.646169432264,45706.65622796089,46470.35106838199,53988.432437490104,54678.71091817275,55772.28513653621,55068.201086239904
211041270,Mitcham (Vic.),53608.44682359011,49896.570681078214,49962.28319911418,51218.34786869722,51667.126941487106,54020.610568604105,54680.61576006191,55774.22807526315,55101.022779976185
211041271,Nunawading,53606.579331541914,47677.3591165796,47970.5895695285,48560.59205373627,49070.65089807284,53915.89113289677,54678.71091817275,55772.28513653621,54994.208955554706
211041272,Vermont,53608.44682359011,47116.254706025844,47689.46406822372,48109.79628269126,48262.35539092358,53960.920347834115,54680.61576006191,55774.22807526315,55040.1387547908
211051275,Chirnside Park,53612.16056118965,45140.38846053359,46550.69010286916,47638.05800504339,49168.77552553348,54009.78972185254,54684.40377241345,55778.09184786172,55089.98551628959
211051277,Kilsyth,53613.32227734568,44702.62039175,46092.00118783707,47055.724423714855,47921.51474907445,53937.45377667147,54685.58872289259,55779.30049735044,55016.2028522049
211051280,Montrose,53612.16056118965,46801.69494724909,48724.03730016518,48633.058752922385,50096.01203347834,54010.53224000371,54684.40377241345,55778.09184786172,55090.74288480379
211051283,Mount Evelyn,53612.16056118965,45040.690740156526,45847.09107924911,47549.978571321975,47238.817672976096,53986.38291418846,54684.40377241345,55778.09184786172,55066.11057247224
211051284,Upwey - Tecoma,53608.44682359011,47485.56518786777,48666.91119009518,49827.999074826475,51116.25518808389,53890.13157160009,54680.61576006191,55774.22807526315,54967.93420303209
212021297,Hallam,53600.142760423405,42546.32717109702,43231.554766407,43680.549371761415,44039.542964753826,53821.21286017443,54672.145615631875,55765.588527944514,54897.637117377926
212021453,Endeavour Hills - North,53597.120634384795,45025.492312741044,45773.194129242715,46646.38798183776,47085.54535984869,53854.349261598574,54669.063047072494,55762.444308013946,54931.43624683055
212021454,Endeavour Hills - South,53597.120634384795,44531.42996092945,44437.636838080725,45443.69644595248,46169.781066275085,53816.40194098213,54669.063047072494,55762.444308013946,54892.72997980177
212021455,Narre Warren - North East,53597.120634384795,45269.165516747176,46046.10536606012,46703.372462939114,46762.95811797861,53646.072805415875,54669.063047072494,55762.444308013946,54718.994261524196
212021456,Narre Warren - South West,53598.28235054082,44167.83734524534,44879.506184320024,45698.68801948112,45689.25613302596,53608.88380514443,54670.24799755164,55763.65295750267,54681.06148124732
212031300,Cranbourne,53598.81503483981,43331.04419083177,43889.56757548707,44331.813961903776,44975.778961421114,53648.65515925143,54670.79133553661,55764.207162247345,54721.62826243646
212031303,Cranbourne South,53597.65331868378,47026.896259197834,48596.05252774775,49704.182097267585,50578.60409623139,53994.65016723913,54669.60638505745,55762.9985127586,55074.543170583915
212031304,Cranbourne West,53598.81503483981,45784.79610119209,46877.61915370536,47535.30427706996,47972.74683472633,53714.29379091005,54670.79133553661,55764.207162247345,54788.579666728256
212031306,Lynbrook - Lyndhurst,53599.52081073197,49298.4347933344,49202.343193829794,50001.49310725156,50370.90979563107,53891.501535648844,54671.51122694661,55764.941451485545,54969.33156636182
212031308,Pearcedale - Tooradin,53597.65331868378,45169.78731373324,45964.84010276733,46899.20805139975,47775.36138919069,53908.12899276378,54669.60638505745,55762.9985127586,54986.291572619055
212031457,Narre Warren South (East),53599.52081073197,47538.00864466372,47834.959562094795,47985.81551394257,48795.9633511544,53864.10464620414,54671.51122694661,55764.941451485545,54941.386739128226
212031458,Narre Warren South (West),53597.65331868378,45762.12427105043,46213.27898995512,46884.33355031962,46534.77025010067,53673.377216859866,54669.60638505745,55762.9985127586,54746.84476119706
212041309,Clarinda - Oakleigh South,53598.81503483981,44211.661664208994,44610.50263548869,45275.49524608928,46042.407511082754,53908.85747685585,54670.79133553661,55764.207162247345,54987.03462639297
212041310,Clayton South,53598.81503483981,40984.566574286226,40712.84493942665,41357.871303364955,41410.25999436495,53894.597497966024,54670.79133553661,55764.207162247345,54972.48944792535
212041313,Dingley Village,53599.52081073197,46554.56819580589,47359.58007485542,48169.783713895355,48847.02885872688,54028.56172189318,54671.51122694661,55764.941451485545,55109.13295633104
212041316,Noble Park North,53598.81503483981,43207.32129112123,43182.93175273109,43440.255319903896,44357.1995979644,53816.795756016305,54670.79133553661,55764.207162247345,54893.13167113663
212041317,Springvale,53598.81503483981,37410.139693410856,37578.14278974618,37432.43112758178,37536.21595554637,53596.082402819164,54670.79133553661,55764.207162247345,54668.00405087555
212041318,Springvale South,53598.81503483981,38787.54566504052,39509.32327586225,40316.996905127824,40691.510615129235,53819.54881345191,54670.79133553661,55764.207162247345,54895.93978972095
212041459,Noble Park - East,53598.81503483981,40940.00320754767,41774.66053383215,42375.821063872405,41769.39263542241,53768.80517548531,54670.79133553661,55764.207162247345,54844.18127899501
212041460,Noble Park - West,53598.81503483981,39613.360669568894,39565.45673614402,40276.85097953348,40321.93655061498,53653.85619615819,54670.79133553661,55764.207162247345,54726.93332008135
212051319,Ashwood - Chadstone,53597.65331868378,46900.05512596729,47227.957631658726,48300.149376262656,48384.77346034452,53792.163036699276,54669.60638505745,55762.9985127586,54868.00629743326
212051322,Glen Waverley - West,53597.65331868378,42785.401382964876,43497.39413957248,43771.1393403205,42699.129503776305,53963.76677629565,54669.60638505745,55762.9985127586,55043.04211182156
212051323,Mount Waverley - North,53593.93958108424,46024.98734918856,46492.178874014025,46246.0369803476,46782.60818729833,53917.830855813816,54665.81837270592,55759.13474016004,54996.18747293009
212051324,Mount Waverley - South,53599.52081073197,46363.098635954244,47588.33854557786,48096.36141560279,48060.790146759886,54032.697837931744,54671.51122694661,55764.941451485545,55113.35179469038
212051326,Oakleigh - Huntingdale,53597.65331868378,47002.35822194177,48071.08001295675,48543.572672987066,49176.99952925712,53965.142318253835,54669.60638505745,55762.9985127586,55044.44516461891
213011328,Ardeer - Albion,53590.915559074434,40575.31586941796,41695.715878185874,41677.97990845989,41960.044171034686,53883.62731714467,54662.73387025592,55755.98854766104,54961.29986348756
213011329,Cairnlea,53589.753842918406,45927.3718411875,45815.675583532866,46611.40440058806,46883.545140921866,53910.852161575924,54661.548919776775,55754.77989817231,54989.06920480744
213011331,Delahey,53590.915559074434,43293.167302392605,43280.2851664365,43647.22855438414,44629.5885985607,53789.43071820165,54662.73387025592,55755.98854766104,54865.219332565684
213011332,Keilor Downs,53590.915559074434,45064.74782050011,45433.00314693936,46167.73176561418,46945.57718854531,53825.598448177065,54662.73387025592,55755.98854766104,54902.110417140604
213011333,Kings Park (Vic.),53590.915559074434,41012.85111137324,41809.7920421702,41917.71224318534,41704.61161611372,53617.478486613116,54662.73387025592,55755.98854766104,54689.82805634538
213011334,St Albans - North,53590.915559074434,38350.6895317821,38412.20401135512,38953.99541969816,39208.72558676012,53543.47800484685,54662.73387025592,55755.98854766104,54614.34756494379
213011335,St Albans - South,53590.915559074434,38308.280956781644,37925.97922121316,38618.46085934327,38494.728264321675,53597.86990227493,54662.73387025592,55755.98854766104,54669.82730032043
213011336,Sunshine,53590.915559074434,39708.347871713624,40124.75046081803,40891.299347827684,40885.13248693262,53850.158001765805,54662.73387025592,55755.98854766104,54927.16116180112
213011337,Sunshine North,53590.915559074434,38496.03595159574,39400.81934872888,40235.81439690736,40288.630190543045,53643.10676489593,54662.73387025592,55755.98854766104,54715.968900193846
213011338,Sunshine West,53590.915559074434,41400.43400692061,41795.50527890278,42423.83115986002,42655.53331751963,53603.37122473703,54662.73387025592,55755.98854766104,54675.43864923177
213011339,Sydenham,53589.753842918406,45064.25138802585,45926.33997090004,46358.09378960246,46825.40305388412,53751.22764176752,54661.548919776775,55754.77989817231,54826.252194602865
213011340,Taylors Lakes,53586.040105318854,47392.003104765696,47820.21501850065,48892.67983773557,49425.12725826263,53977.56127769942,54657.76090742523,55750.916125573734,55057.112503253404
213021341,Altona,53589.753842918406,51898.96251896298,52073.73749564894,53408.885773298,54443.51850625127,53995.64905902557,54661.548919776775,55754.77989817231,55075.56204020608
213021342,Altona Meadows,53589.753842918406,47203.02627444685,47933.125610252326,49312.629500184354,49801.46951153301,53674.22576419293,54661.548919776775,55754.77989817231,54747.71027947679
213021343,Altona North,53590.915559074434,46850.422674174224,47985.37215408819,50146.37170575685,50988.55228810982,53831.47731964603,54662.73387025592,55755.98854766104,54908.10686603895
213021344,Newport,53592.78305112263,57888.98991468524,59163.91863506358,60688.54615186491,61726.84493955601,54007.41623295457,54664.63871214508,55757.931486387984,55087.56455761367
213021345,Seabrook,53591.62133496659,48815.76147067157,49937.53036538339,50916.28195554519,51528.83964934748,53858.33496956788,54663.45376166592,55756.722836899244,54935.50166895924
213021346,Williamstown,53592.78305112263,57203.55333146519,58659.81646096555,59512.80212156789,60079.10620395139,54005.66262947374,54664.63871214508,55757.931486387984,55085.77588206322
213031347,Braybrook,53578.24572496308,41943.12374138618,42464.30676958825,42759.02072830978,43448.49646833459,53535.91273448858,54649.81063946235,55742.8068522516,54606.63098917835
213031348,Footscray,53578.24572496308,42123.2781708632,42914.9194343921,43612.613112157465,44869.43030256658,53551.871245128525,54649.81063946235,55742.8068522516,54622.908670031095
213031349,Maribyrnong,53578.95150085524,50132.825343780765,50683.66337204024,50819.728595741806,51087.8889829418,53949.82796208209,54650.53053087235,55743.5411414898,55028.82452132373
213031350,Seddon - Kingsville,53580.113217011276,54834.51448791314,55856.09215411614,57753.80588812987,59069.41036022117,53854.91507772946,54651.7154813515,55744.74979097853,54932.01337928406
213031351,West Footscray - Tottenham,53577.084008807054,46615.5933602356,48134.59577833723,48730.779331801794,49733.18447521569,53889.48535736408,54648.62568898319,55741.598202762856,54967.27506451136
213031352,Yarraville,53580.113217011276,57636.26327659851,58947.806789872055,60485.36435370689,62281.58282550506,54009.23116955696,54651.7154813515,55744.74979097853,55089.4157929481
213041360,Taylors Hill,53573.37027120751,50415.884561299776,50106.78200885544,51511.7073009572,51981.00437619753,53770.86840915902,54644.83767663166,55737.734430164295,54846.2857773422
213041461,Burnside,53578.24572496308,46937.289808972026,46555.774867704466,47401.01122636475,48567.47061281921,53883.461348255674,54649.81063946235,55742.8068522516,54961.13057522079
213041462,Burnside Heights,53578.95150085524,49652.96153376886,50034.377180623,49865.54666489858,49723.757302893166,53874.227760509915,54650.53053087235,55743.5411414898,54951.71231572011
213041463,Caroline Springs,53578.95150085524,50957.45567112346,51526.465824687366,52566.66587081978,52541.85238231794,53751.02418414908,54650.53053087235,55743.5411414898,54826.04466783206
213051361,Hoppers Crossing - North,53577.084008807054,46072.83273114151,46586.05704978416,47090.28230455454,47346.35585466675,53606.08645754502,54648.62568898319,55741.598202762856,54678.20818669592
213051362,Hoppers Crossing - South,53577.084008807054,44912.11903191677,45178.37341275953,45502.273719172124,45298.06258612101,53650.478495210744,54648.62568898319,55741.598202762856,54723.48806511496
213051363,Laverton,53578.24572496308,45295.920925416605,46287.36034493568,46552.801676944604,46451.535198481644,53877.27469190825,54649.81063946235,55742.8068522516,54954.820185746416
213051464,Point Cook - East,53602.65514198156,54475.42247752725,54121.6022134156,53366.36478707406,53346.24217169428,53807.05273706351,54674.70824482119,55768.20240971761,54883.193791804784
213051466,Point Cook - South,53602.65514198156,53572.71390105659,54296.67678749899,54696.68798566387,54894.15497357294,53789.8641234237,54674.70824482119,55768.20240971761,54865.66140589218
213051467,Werribee - East,53575.672116518566,44492.86710990373,44529.45245679033,44950.92231377621,45482.453444199506,53513.20799054455,54647.18555884894,55740.12927002592,54583.47215035544
214011370,Carrum Downs,53582.2621082066,45168.89062725435,45853.843517287045,47362.459785002175,48420.34268176275,53604.31575238442,54653.90735037073,55746.98549737815,54676.40206743211
214011371,Frankston,53583.42382436264,43630.89197668725,44443.237020798835,45191.482945100186,46058.436249980936,53525.35529128953,54655.092300849894,55748.194146866896,54595.86239711532
214011372,Frankston North,53583.42382436264,41822.22725798162,42674.055432947214,43722.36335409898,44272.56074335045,53555.895977210275,54655.092300849894,55748.194146866896,54627.013896754484
214011373,Frankston South,53584.1296002548,45897.76911242735,47182.338040734074,48852.754404016334,50540.333178047884,53881.35772318197,54655.812192259895,55748.928436105096,54958.98487764561
214011374,Langwarrin,53582.2621082066,46652.55665749836,47504.34744942159,48576.53178695743,49819.0745869278,53625.739076431826,54653.90735037073,55746.98549737815,54698.253857960466
214011375,Seaford (Vic.),53583.42382436264,45746.63991160591,47088.390727214275,48103.07705275049,49218.00273941489,53674.395876821334,54655.092300849894,55748.194146866896,54747.88379435776
214011376,Skye - Sandhurst,53584.1296002548,50283.14419537285,50959.08458507594,51565.77693185313,52137.924820037966,53924.96740980437,54655.812192259895,55748.928436105096,55003.46675800046
214021377,Dromana,53583.42382436264,40773.96189495298,42144.22219603625,42534.11932034681,43156.219575525814,53870.15810559527,54655.092300849894,55748.194146866896,54947.56126770718
214021381,Mount Eliza,53584.1296002548,50846.16651927539,51772.86878449563,52971.030139173716,54491.03628522189,54006.77577938176,54655.812192259895,55748.928436105096,55086.911294969395
214021382,Mount Martha,53578.548370607066,45924.32797591425,47022.340405440504,48007.45313725416,49531.6546742894,53927.08761535205,54650.119338019205,55743.121724779594,55005.629367659094
214021384,Rosebud - McCrae,53583.42382436264,37609.54165789475,38176.85829925481,39280.60094325956,39448.889426103386,53660.57307451034,54655.092300849894,55748.194146866896,54733.78453600055
214021385,Somerville,53582.2621082066,44042.94912254816,45687.95280159622,46635.426322886495,47835.185114143824,53670.22971686105,54653.90735037073,55746.98549737815,54743.63431119827
215011386,Ararat,53576.47095197938,40375.79265196758,41206.781012928994,41975.56868812609,42491.97563962111,53626.30093054548,54648.00037101897,55740.96037843935,54698.82694915639
215011388,Horsham,53576.47095197938,42653.62032932883,42713.163704866274,43211.921576278604,44669.507742002184,53594.88521711008,54648.00037101897,55740.96037843935,54666.782921452286
215011390,Nhill Region,53576.47095197938,41838.034775398686,40622.83823204867,36683.435832099094,42485.26134863836,53881.78035745731,54648.00037101897,55740.96037843935,54959.41596460646
215021395,Irymple,53571.07907195302,40926.44471416026,42107.12258045676,43097.392719927484,43505.2373113635,53920.316670680186,54642.50065339208,55735.350666459926,54998.723004093794
215021396,Merbein,53571.07907195302,38394.59230399161,38878.32170553596,39831.733403915794,40491.23064086362,53949.67357171738,54642.50065339208,55735.350666459926,55028.66704315173
215021469,Mildura - North,53571.07907195302,39446.2670190631,40097.58585089602,40658.78121723086,41116.617207388634,53611.40835501804,54642.50065339208,55735.350666459926,54683.636522118395
215021470,Mildura - South,53571.07907195302,42181.69117810677,42785.237572854814,43384.29415239291,43789.66314615675,53611.785636710745,54642.50065339208,55735.350666459926,54684.02134944496
216011409,Rochester,53571.07907195302,40338.26430066088,41048.7534578121,39280.30659603427,41291.49244277908,54003.58809037884,54642.50065339208,55735.350666459926,55083.65985218642
216031415,Mooroopna,53571.07907195302,40905.01332429968,41544.44232641286,41330.94786922678,42689.09980952142,53542.32970273853,54642.50065339208,55735.350666459926,54613.176296793295
217011421,Hamilton (Vic.),53571.07907195302,39971.50141965305,41365.571456744794,41341.49514713011,42336.53903777381,53640.610310944714,54642.50065339208,55735.350666459926,54713.422517163606
217031471,Camperdown,53571.07907195302,39790.53626816608,40818.677641098395,40899.62191937464,41276.47349731357,53960.97956712046,54642.50065339208,55735.350666459926,55040.19915846287
217031472,Colac,53571.07907195302,41509.840339140566,42277.92600458761,43722.92213272278,44147.79051500611,53618.67448631542,54642.50065339208,55735.350666459926,54691.04797604174
217041479,Warrnambool - North,53571.07907195302,42424.80478356731,43074.94962269036,43572.94288428058,44305.40145349143,53579.5783315422,54642.50065339208,55735.350666459926,54651.169898173044
