Statistical Areas Level 2 2021 code,Suburb,2011_Forecast,2012_Forecast,2013_Forecast,2014_Forecast,2015_Forecast,2016_Forecast,2017_Forecast,2018_Forecast,2019 Forecast,2020_Forecast,2021_Forecast,2022_Forecast,2023_Forecast,2024_Forecast,2025_Forecast,2026_Forecast,2027_Forecast
201011001,Alfredton,53432.300711059375,47374.84602819675,48517.071459882514,49263.56564541224,50170.087016083475,53590.37696088224,54500.94672528056,55590.965659786176,54662.18450009989,55741.85253869522,56856.689589469126,57993.82338125851,59153.69984888368,59748.90580586744,60786.125029655304,61580.17218266955,62722.058532678064
201011002,Ballarat,53427.64968635293,48983.46398459512,49079.438428273264,51245.827182405366,50976.85632697271,53620.92023609352,54496.202680079994,55586.126733681594,54693.3386408154,53870.51523232323,54947.9255369697,56046.88404770909,57167.82172866328,57743.04573202421,58745.44395615095,59512.83375938619,60616.3852778617
201011005,Buninyong,53434.16820310757,48096.02633810437,48160.656679619395,48454.660942990165,49869.71029012126,53939.77255927237,54502.851567169724,55592.90859851312,55018.56801045782,55790.53487869539,56906.3455762693,58044.47248779469,59205.36193755058,59801.08771971862,60839.212802508424,61633.95343935428,62776.83705976197
201011006,Delacombe,53433.45826713311,42962.681073906686,44104.5529138252,44806.35963315291,45933.59660790276,53557.35258474327,54502.12743247577,55592.169981125284,54628.49963643814,52812.98166666667,53869.2413,54946.626126,56045.55864852,56609.490413655585,57592.21053068427,58344.53568359337,59426.42335186835
201011007,Smythes Creek,53427.64968635293,45307.81975593037,45709.90597601047,46621.391934684354,48000.55682111745,53863.034578714636,54496.202680079994,55586.126733681594,54940.29527028893,55090.7467449198,56192.5616798182,57316.41291341456,58462.74117168286,59050.99468576363,60076.0984269246,60860.87052576838,61989.41880421195
201011008,Wendouree - Miners Rest,53433.45826713311,41728.89905387921,42400.53777042473,43259.18674276453,43300.63046701038,53392.926373350085,54502.12743247577,55592.169981125284,54460.78490081709,48329.606457671965,49296.198586825405,50282.12255856192,51287.76500973316,51803.823740330925,52703.119235779355,53391.57834982429,54381.62291063232
201031016,Maryborough (Vic.),53438.10929183955,38331.35057087391,39008.08736999102,38659.78797171822,39430.16016902395,53437.83523954242,54506.871477676345,55597.00890722987,54506.591944333275,43817.17658333334,44693.52011500001,45587.39051730001,46499.13832764601,46967.01378087937,47782.34401865343,48406.523207799786,49304.129468763
202011018,Bendigo,53438.10929183955,42918.844333902074,43916.58032482664,44828.75763758455,45418.348530167685,53373.239586303825,54506.871477676345,55597.00890722987,54440.70437802991,49402.54608068783,50390.59700230159,51398.408942347625,52426.37712119458,52953.892594365796,53873.152865871554,54576.89609076337,55588.9200988647
202011019,California Gully - Eaglehawk,53438.10929183955,40446.62181852094,41260.64263921247,41916.58691070267,42244.852667394545,53374.60566694073,54506.871477676345,55597.00890722987,54442.097780279546,48663.66675925926,49636.94009444444,50629.67889633333,51642.27247426,52161.89826753044,53067.40980623775,53760.62763602911,54757.51550901801
202011020,East Bendigo - Kennington,53438.10929183955,43434.30003532465,44305.80352741638,44420.69987685652,45134.137419761784,53531.687197446205,54506.871477676345,55597.00890722987,54602.320941395126,52173.27555914724,53216.74107033019,54281.07589173679,55366.69740957153,55923.79845652009,56894.61521113661,57637.827699318805,58706.610821567316
202011021,Flora Hill - Spring Gully,53438.10929183955,42815.07087448056,44081.220617156236,45176.705384631176,45148.5803903324,53512.004965156484,54506.871477676345,55597.00890722987,54582.24506445962,50761.77802260508,51777.01358305718,52812.55385471832,53868.80493181269,54410.8341484622,55355.386394230285,56078.49198697696,57118.36021500072
202011022,Kangaroo Flat - Golden Square,53438.10929183955,41940.28478625858,42717.00717948648,43201.78548184921,43607.491847642224,53340.54967296128,54506.871477676345,55597.00890722987,54407.36066642051,50063.20358730159,51064.46765904762,52085.757012228576,53127.47215247315,53662.04206078697,54593.595548879384,55306.749892855914,56332.307641844476
202011025,White Hills - Ascot,53438.10929183955,45132.4869401261,45998.8559682051,46288.597703435255,46651.29405320898,53491.92009996665,54506.871477676345,55597.00890722987,54561.75850196598,53493.93501322752,54563.81371349208,55655.08998776192,56768.19178751716,57339.39470475555,58334.78569419676,59096.811082055836,60192.64825677914
202021027,Castlemaine,53449.58181944878,41040.30699407038,40124.62489811443,41007.26030091861,40670.478576318514,53747.32439674342,54518.57345583776,55608.944924954514,54822.270884678284,47711.65667350458,48665.88980697467,49639.20760311417,50631.99175517645,51141.45207944394,52029.24904432184,52708.90541420819,53686.291112933344
202021031,Woodend,53443.31729840473,48684.57652138564,49329.82239344725,51826.2565953546,52319.88622881209,53936.65654963296,54512.183644372824,55602.427317260284,55015.389680625616,60022.513333333336,61222.9636,62447.422872,63696.37132944,64337.28575660829,65454.15758368255,66309.18309249583,67538.75989245881
203021037,Belmont,53445.16646603939,43948.73181664632,43987.232986840325,44644.94054778279,44289.378975018764,53478.92512888311,54514.06979536018,55604.35119126738,54548.50363146077,51247.56153771229,52272.512768466535,53317.963023835866,54384.32228431258,54931.53864901742,55885.13013509634,56615.15575291545,57664.9753826185
203021039,Geelong,53439.35788525921,46787.37696682526,48253.567932590784,48313.535882940065,49217.77413241244,53543.88025709631,54508.145042964396,55598.30794382368,54614.757862238235,53730.18994982113,54804.79374881755,55900.889623793904,57018.90741626978,57592.633040221765,58592.420154850595,59357.81101319986,60458.48793175894
203021040,Geelong West - Hamlyn Heights,53439.35788525921,46990.59457343897,47674.00042283718,48542.13413143384,50154.69759379483,53483.545370396816,54508.145042964396,55598.30794382368,54553.21627780476,57010.40078042328,58150.60879603175,59313.62097195238,60499.89339139143,61108.64478032282,62169.46857702489,62981.58630132319,64149.45919206518
203021042,Highton,53438.901944995334,47155.48838228392,47683.58928943095,47984.191388807056,49354.49127262796,53754.90527384304,54507.67998389524,55597.83358357315,54830.0033793199,55474.92483333333,56584.42333,57716.1117966,58870.434032532,59462.789762028166,60495.04211559637,61285.28686207316,62421.705128598434
203021044,Leopold,53439.35788525921,45190.207634830374,45893.47361779251,46031.95594892347,46877.98173095089,53778.870589985,54508.145042964396,55598.30794382368,54854.4480017847,52218.27479821835,53262.64029418272,54327.89310006637,55414.4509620677,55972.03250641516,56943.68658655451,57687.54009250065,58757.24503586769
203021045,Newcomb - Moolap,53445.16646603939,41821.25902716915,41753.59691794564,42366.979910168615,42884.02465071106,53396.42739764483,54514.06979536018,55604.35119126738,54464.35594559773,47494.33326092511,48444.21992614361,49413.104324666485,50401.36641115982,50908.50617764409,51792.25928658538,52468.81986705708,53441.75363914077
203021047,North Geelong - Bell Park,53445.16646603939,43661.82635883665,44331.06975392587,45623.19134886041,46718.77646519058,53602.0248201193,54514.06979536018,55604.35119126738,54674.065316521686,51392.61103703704,52420.46325777778,53468.872522933336,54538.249973392005,55087.01516222313,56043.30566389354,56775.39752344556,57828.188529875624
203031048,Clifton Springs,53445.16646603939,42594.77196880468,42703.549827192204,43353.98096721677,45436.17319617829,53632.14657529379,54514.06979536018,55604.35119126738,54704.789506799665,51067.50695360196,52088.857092674,53130.63423452748,54193.24691921804,54738.54067898308,55688.781790658126,56416.242516508486,57462.37368121641
203031053,Torquay,53438.901944995334,46924.27673168029,47690.37432338041,48534.141704861395,49896.87144538989,53835.00493737312,54507.67998389524,55597.83358357315,54911.705036120584,57579.534166666665,58731.12485,59905.747347,61103.86229394001,61718.69083256023,62790.10480634156,63610.32988130098,64789.86161751522
204011056,Kilmore - Broadford,53445.90974645658,45169.75192370178,46293.54243886944,47079.782765003365,47708.75458006564,53533.562572232826,54514.82794138571,55605.124500213424,54604.23382367748,54329.52534096724,55416.11584778658,56524.43816474232,57654.92692803716,58235.05219568225,59245.991472660935,60019.91991164963,61132.874371608166
204021063,Benalla,53445.12620501679,39846.77489189882,40370.29838286861,41632.892368587796,42379.82624028469,53722.09940678474,54514.02872911713,55604.309303699476,54796.54139492044,48487.041111137,49456.781933359736,50445.91757202693,51454.83592346747,51972.57572563553,52874.80069403161,53565.50247732194,54558.77212796145
204021066,Wangaratta,53445.12620501679,41932.57315729092,42990.28576971486,43675.816521393244,44570.396187755614,53409.02800851819,54514.02872911713,55604.309303699476,54477.208568688555,49684.34759788361,50678.03454984128,51691.595240838105,52725.42714565487,53255.95166739701,54180.45557429729,54888.21308436718,55906.009869856454
204031073,West Wodonga,53439.31762423662,46109.24973576692,46965.88866389671,47717.648552661696,48131.11683031689,53491.54394941247,54508.10397672135,55598.26605625578,54561.37482840072,52841.03071428571,53897.85132857143,54975.80835514286,56075.32452224571,56639.555792321844,57622.79783336408,58375.52254720258,59457.98480751474
205011079,Warragul,53447.80864103748,42495.657879723985,43597.87567140201,43831.50866432386,44472.913157168485,53523.91928827009,54516.76481385823,55607.1001101354,54594.39767403549,51015.99934179515,52036.31932863105,53077.04571520367,54138.58662950774,54683.33039611717,55632.61307740815,56359.34007320378,57404.41609108459
205021081,Bairnsdale,53447.80864103748,40887.885172683644,41567.14516077145,41898.77426992636,41879.823910715415,53479.4255589,54516.76481385823,55607.1001101354,54549.014070078,46173.65143530544,47097.12446401156,48039.06695329179,48999.84829235762,49492.88594967099,50352.064407508085,51009.811769618536,51955.69103094063
205031089,Korumburra,53450.23944689787,38764.065629407254,39554.72247325079,39411.41722828723,40688.40601657165,53804.99067324348,54519.244235835824,55609.62912055254,54881.09048670835,47926.99653771445,48885.536468468745,49863.24719783812,50860.51214179488,51372.27184371338,52264.075755555445,52946.799659051074,53928.59665091334
205051103,Sale,53450.23944689787,45405.60011918282,45109.27518369291,45239.47272246716,45584.81273894935,53429.21376959566,54519.244235835824,55609.62912055254,54497.798044987576,51958.72838005051,52997.90294765152,54057.86100660455,55139.01822673664,55693.82836024698,56660.652917826024,57400.809164261846,58465.197231734
206011106,Brunswick East,53446.06540202716,49513.02792173595,51754.56927146069,52387.75001571206,53821.251539652265,53971.2553356739,54514.98671006771,55605.28644426906,55050.68044238738,62211.63555555556,63455.86826666667,64724.985632,66019.48534464001,66683.77500115374,67841.38102611879,68727.59075628441,70002.01229445053
206011107,Brunswick West,53445.13664200985,49452.366866859076,50123.46023007782,51096.10994756244,50513.60108527148,53864.0917200276,54514.03937485005,55604.32016234705,54941.37355442815,58353.612599206346,59520.68485119048,60711.098548214286,61925.320519178575,62548.41459030689,63634.232266053325,64465.4841502696,65660.87308454412
206011109,Pascoe Vale South,53445.13664200985,50112.39868185985,51238.28166837615,53135.826621892025,54674.721912284214,53923.70161826381,54514.03937485005,55604.32016234705,55002.17565062909,63198.96413888889,64462.94342166667,65752.2022901,67067.246335902,67742.07858882286,68918.05637827344,69818.33068317025,71112.97790421081
206021112,Thornbury,53438.315139107064,50571.374033408836,50727.10701862467,52487.57607588671,53126.33629550098,53882.912924694305,54507.081441889204,55597.22307072699,54960.57118318819,62850.81472222224,64107.831016666685,65389.98763700002,66697.78738974003,67368.90213781878,68538.40172011852,69433.7166086964,70721.23189836853
206031113,Ascot Vale,53441.8030027335,54825.770908699196,55587.065482431804,56365.24940751107,57197.56173648004,53873.11378572838,54510.63906278817,55600.85184404394,54950.57606144295,65202.621111111104,66506.67353333333,67836.807004,69193.54314408,69889.77024685431,71103.03118056392,72031.84773947544,73367.54039482574
206031115,Flemington,53441.33018298006,47612.04044911815,48876.08825986774,48652.324756519505,48475.47274386304,53751.365733021776,54510.156786639665,55600.35992237246,54826.39304768221,57716.54268518517,58870.87353888888,60048.29100966665,61249.25682985999,61865.54833181325,62939.51169824585,63761.6884705227,64944.02686188035
206031116,Moonee Ponds,53442.96471888953,55880.209394539634,57299.049947132524,58134.56764176378,58131.47068815039,53983.259729184225,54511.82401326732,55602.06049353267,55062.92492376791,65707.67083333332,67021.82424999999,68362.26073499999,69729.50594969999,70431.12592317286,71653.78459407634,72589.79562672343,73935.8343570177
206041117,Carlton,53439.01852399289,39761.89879612961,38755.35072926595,37997.26927895204,35603.90768570782,53808.0840216973,54507.79889447275,55597.95487236221,54884.24570213125,44290.81146825397,45176.62769761905,46080.16025157143,47001.76345660287,47474.696336026806,48298.83975788647,48929.76591389544,49837.074708688204
206041121,Kensington (Vic.),53456.52952527831,58205.915803869626,58791.09622483183,59204.55986587341,61403.74163647973,53928.83256100057,54525.66011578388,55616.17331809956,55007.409212220584,69040.77666666667,70421.59220000001,71830.02404400002,73266.62452488003,74003.83507091021,75288.51467021488,76272.00606236054,77686.32433272885
206051129,Elwood,53468.70273889484,60582.035972771526,60803.861707958706,62368.08600576935,62469.07157532524,53893.11913604068,54538.076793672735,55628.83832954619,54970.981518761495,68501.92333333334,69871.9618,71269.40103600001,72694.78905672001,73426.2457804545,74700.89864023257,75676.71402349551,77079.99374315253
206051130,Port Melbourne,53468.70273889484,66991.0610271618,67963.78885406355,69202.5587774707,70281.70280513092,54021.64386470457,54538.076793672735,55628.83832954619,55102.076741998666,76716.81,78251.1462,79816.16912400001,81412.49250648,82231.66697293846,83659.1787346698,84752.01583631703,86323.57964637132
206051134,St Kilda East,53469.32287552236,51429.61772803772,52980.46965034021,53093.54014417093,53307.97572323964,53912.2767985987,54538.709333032806,55629.483519693465,54990.522334570676,60431.68333333333,61640.317,62873.123340000006,64130.58580680001,64775.86931052976,65900.35478821785,66761.20895644596,67999.16771030093
206061138,Toorak,53466.37930658277,68813.33559401394,70743.99667946462,71704.16408091653,74091.18919498837,53808.815769286506,54535.70689271443,55626.421030568716,54884.99208467224,75342.29333333333,76849.1392,78386.12198400001,79953.84442368001,80758.3419378896,82160.27731410175,83233.53431576613,84776.94079433531
206071139,Abbotsford,53454.919259220456,51697.64961638369,53894.29099956624,56438.1340672768,57077.38796197627,53913.28377390148,54524.01764440486,55614.49799729296,54991.54944937951,65404.80805555556,66712.90421666666,68047.162301,69408.10554702001,70106.49158187634,71323.51471895784,72255.21144708336,73595.04595458777
206071141,Collingwood,53433.06152314132,50549.2608719778,50656.91130925053,53396.07964384858,54992.88845459134,53870.840625379045,54501.72275360415,55591.75720867623,54948.25743788663,65061.24805555556,66362.47301666667,67689.722477,69043.51692654,69738.23446188892,70948.86478961272,71875.66747802723,73208.4640695575
206071142,Fitzroy,53459.958909339686,51154.659534239945,52162.053894063894,53495.567318824054,54310.401490328506,53827.98914532788,54529.158087526484,55619.741249277016,54904.54892823444,62500.043333333335,63750.0442,65025.045084000005,66325.54598568,66992.91523175806,68155.88781843171,69046.2059404864,70326.53558700705
206071143,Fitzroy North,53455.53939584798,55278.040005793584,56013.07718520481,57488.90483246005,58626.89498167092,54105.5653703276,54524.65018376494,55615.14318744024,55187.67667773415,65892.41666666667,67210.265,68554.4703,69925.559706,70629.15237710526,71855.24871505998,72793.89146689666,74143.71476364677
206071145,Yarra - North,53458.15131183856,59862.459387835945,60228.43879618865,61635.53386942362,62761.36259186549,54001.58932933188,54527.31433807533,55617.86062483684,55081.62111591852,72102.76,73544.8152,75015.71150399999,76516.02573407999,77285.93183357998,78627.58743622158,79654.69702614282,81131.74082164254
207011152,Hawthorn East,53455.558342469645,56511.373063534134,57382.00712570973,58768.81423029473,59929.32167788428,53995.96969476004,54524.669509319036,55615.16289950542,55075.88908865524,63848.91388888889,65125.89216666667,66428.41001,67756.9782102,68438.75056190339,69626.82232284026,70536.35521397139,71844.31682471941
207021160,Templestowe Lower,53477.22887381104,46166.59076513957,45964.84481519083,47020.00455924134,47582.084070743986,53889.87418268435,54546.773451287256,55637.708920313,54967.671666338036,55348.16638095238,56455.12970857143,57584.23230274287,58735.91694879772,59326.919164147526,60356.8128536671,61145.25191583938,62279.07350249253
207021425,Doncaster East (South),53498.33494065749,43308.22181056627,43541.665189670035,44773.58437217253,43874.47259591405,53867.97199132814,54568.30163947064,55659.66767226005,54945.3314311547,50954.13997191697,51973.22277135532,53012.68722678242,54072.94097131807,54617.02420972885,55565.15583979553,56291.00164391378,57334.810456510466
207031162,Blackburn South,53513.09185017592,47274.683939153525,48015.03885927451,48240.06591022752,47265.6182915262,53883.49968631787,54583.35368717944,55675.020760923035,54961.16968004422,54348.27103968255,55435.23646047621,56543.94118968573,57674.820013479446,58255.14544583086,59266.43353430728,60040.62900727527,61153.96747774852
207031163,Box Hill,53513.09185017592,42180.84546600446,42063.80884027218,42142.65955640327,38537.6977954037,53867.111838055054,54583.35368717944,55675.020760923035,54944.45407481616,42766.52088888889,43621.85130666666,44494.2883328,45384.174099456,45840.83075568871,46636.61086668677,47245.82338133316,48121.90668707683
207031164,Box Hill North,53514.95934222411,46938.027106142225,47763.97972914719,47690.60637740392,47687.558549661415,53970.22491166845,54585.25852906859,55676.96369964996,55049.62940990182,54129.0191984127,55211.59958238096,56315.831574028576,57442.14820550915,58020.1324885076,59027.340837717056,59798.41305064927,60907.26009011767
207031165,Burwood,53518.90043095609,39114.226077641135,39159.548008615486,37801.615439104906,35978.531838123075,54005.81336281536,54589.27843957522,55681.064008366724,55085.92963007167,39245.98388888888,40030.90356666666,40831.52163799999,41648.15207075999,42067.21678308077,42797.48833115618,43356.55051432604,44160.51470378792
207031166,Burwood East,53518.90043095609,41066.956142349765,41872.36868870939,42662.2795555323,41940.62631135146,53891.82709319299,54589.27843957522,55681.064008366724,54969.66363505685,47777.88921803652,48733.44700239725,49708.1159424452,50702.2782612941,51212.4458100842,52101.475200245804,52782.075058032664,53760.81754766237
207031167,Surrey Hills (East) - Mont Albert,53538.986111575614,54325.69937227645,54766.7291058828,56275.09982744691,56570.30705961082,53974.97418750085,54609.76583380713,55701.96115048327,55054.47367125087,63520.14888888889,64790.55186666667,66086.36290400001,67408.09016208001,68086.35199381437,69268.30624407339,70173.15585145324,71474.38262565093
208011171,Cheltenham - Highett (West),53569.86928875865,52342.75919988802,52590.95771462184,53829.21106411683,55186.76408420627,53899.083100105505,54641.26667453383,55734.092008024505,54977.06476210761,65586.4245,66898.15298999999,68236.1160498,69600.838370796,70301.16368798143,71521.56626185871,72455.8501307785,73799.40509839327
208021174,Bentleigh - McKinnon,53569.86928875865,51484.573428163174,51720.333105736565,52385.85775936651,53446.90092758113,54046.31842926805,54641.26667453383,55734.092008024505,55127.24479785341,62232.92990079366,63477.58849880953,64747.14026878572,66042.08307416143,66706.60010957556,67864.60237010209,68751.1154399208,70025.97319828866
208021176,Carnegie,53566.77848102384,50703.454167089345,51406.91672486727,52019.143345696495,51702.93242905259,53952.9317003385,54638.11405064431,55730.8763316572,55031.99033434527,59107.78547619048,60289.94118571429,61495.74000942857,62725.65480961714,63356.80186371127,64456.652847832665,65298.647985072945,66509.48634692394
208021179,Elsternwick,53588.40470588823,56354.80883881692,57205.792205263555,57518.622350964695,59125.701705376356,53920.100101076314,54660.172800005996,55753.376256006115,54998.50210309784,64658.05555555555,65951.21666666666,67270.241,68615.64581999999,69306.05810593789,70509.18600966893,71430.24518863478,72754.78227691558
208021180,Hughesdale,53566.77848102384,49407.999281855875,50913.39811983023,52003.35258645405,52205.658664505565,53991.05206211436,54638.11405064431,55730.8763316572,55070.873103356644,58766.7238015873,59942.05827761905,61140.89944317143,62363.717432034864,62991.22266349165,64084.727325966305,64921.864012340906,66125.71563706345
208021182,Ormond - Glen Huntly,53566.77848102384,49636.64765072956,50707.6073922345,51462.93052522205,51866.38355217152,53908.86873079085,54638.11405064431,55730.8763316572,54987.04610540667,57903.4975,59061.56745,60242.798799,61447.65477498001,62065.9425618502,63143.384699064074,63968.22465764861,65154.3928670224
208021426,Bentleigh East (North),53566.77848102384,50417.927627334066,50828.2443020506,51431.037731744036,52452.033731154195,53987.73192963988,54638.11405064431,55730.8763316572,55067.48656823268,60826.05966666666,62042.58086,63283.4324772,64549.101126744,65198.595741734,66330.41959616615,67196.89168684278,68442.9293424796
208021427,Bentleigh East (South),53566.77848102384,48939.8788367856,49591.18094065103,50875.01765334171,51900.605975441926,53988.56549730894,54638.11405064431,55730.8763316572,55068.33680725512,61179.8410952381,62403.43791714287,63651.506675485725,64924.53680899544,65577.80906689048,66716.21592640805,67587.72766186419,68841.01262209844
208031183,Aspendale Gardens - Waterways,53570.11085489424,49804.969014272625,50577.72575572951,50935.75217211213,51390.75722073998,54026.151565653454,54641.51307199213,55734.34333343197,55106.67459696652,57434.72552777777,58583.42003833333,59755.0884391,60950.190207882,61563.47249425972,62632.1919342718,63450.35419857452,64626.919492150424
208031186,Chelsea - Bonbeach,53568.24336284605,49817.85640332437,51041.55884183542,52507.54660393447,53607.57618083594,53868.64456960451,54639.608230102975,55732.40039470504,54946.017460996605,60766.98344444444,61982.323113333325,63221.96957559999,64486.408967112,65135.2727720772,66265.99736284,67131.62790800048,68376.45537185692
208031188,Cheltenham - Highett (East),53568.24336284605,48587.35334690424,49000.15047061414,50154.82550471843,51789.85216552656,53817.310685095166,54639.608230102975,55732.40039470504,54893.65689879707,58818.023309523815,59994.38377571429,61194.271451228575,62418.15688025315,63046.209882753115,64140.66910330899,64978.53655528202,66183.43906376977
208031190,Mentone,53570.11085489424,50315.47771260974,51477.364353654615,53010.89844747721,53448.81739888337,54020.07532406556,54641.51307199213,55734.34333343197,55100.476830546875,62667.438789682536,63920.78756547619,65199.20331678572,66503.18738312143,67172.34406123222,68338.43146697615,69231.13415071095,70514.89293670136
208031191,Moorabbin - Heatherton,53570.11085489424,48264.03520435361,49233.08916629129,49791.2950592773,50692.36356785246,53911.50733235454,54641.51307199213,55734.34333343197,54989.737479001626,59355.190198412696,60542.29400238095,61753.13988242857,62988.20268007714,63621.99149718678,64726.44607667247,65571.96551399205,66787.87202593793
208031193,Mordialloc - Parkdale,53570.11085489424,52402.50702424827,53418.06100522622,53999.17917122924,55895.92745083262,53975.36654025351,54641.51307199213,55734.34333343197,55054.87387105858,64323.843055555546,65610.31991666666,66922.526315,68260.9768413,68947.82043940571,70144.72946783854,71061.02776297939,72378.71842125524
209011196,Bundoora - East,53572.04433029109,43961.62942286419,44149.567977560335,45137.77423327026,45440.31141996325,53875.28975492983,54643.485216896916,55736.35492123485,54952.79555002843,51646.07925144106,52679.00083646988,53732.58085319928,54807.23247026327,55358.7041674763,56319.71109123578,57055.413625798785,58113.396994538445
209011197,Greensborough,53573.91182233928,50021.08695696005,51139.4516385003,52695.18123156564,53425.686258771886,53804.95271755466,54645.39005878607,55738.29785996179,54881.05177190575,61591.25546296296,62823.08057222222,64079.542183666665,65361.13302734,66018.79832693182,67164.86059924448,68042.23296531338,69303.94585589631
209011198,Heidelberg - Rosanna,53573.91182233928,52231.88022419618,52658.353455018405,53246.42023925621,53238.85085696575,53986.14317915949,54645.39005878607,55738.29785996179,55065.86604274268,65290.77005555554,66596.58545666665,67928.51716579999,69287.08750911598,69984.25585755124,71199.15702701855,72129.22927470232,73466.72768411074
209011199,Heidelberg West,53573.20604644713,43599.315536648945,44656.17173657997,45766.53094896788,46838.540010149474,53565.668724951574,54644.67016737607,55737.56357072359,54636.98209945061,53376.47798875661,54444.00754853174,55532.88769950238,56643.54545349243,57213.494176306514,58206.69957846992,58967.05178160988,60060.482818631484
209011203,Viewbank - Yallambie,53573.91182233928,50307.88582804869,51204.266825520725,52154.08853125727,53219.94655997589,53867.46488298797,54645.39005878607,55738.29785996179,54944.814180647736,62671.80601851852,63925.24213888889,65203.74698166667,66507.82192130001,67177.02523224591,68343.19390141216,69235.95879667143,70519.80704648065
209011204,Watsonia,53572.04433029109,49451.067838493174,50870.576640111474,51841.58491360034,52584.82108786099,53848.382668192215,54643.485216896916,55736.35492123485,54925.35032155606,61385.724,62613.43848,63865.7072496,65143.021394592,65798.49204966571,66940.72988531599,67815.17443923678,69072.67696433372
209021428,Preston - East,53575.68659295723,44838.5338626877,45603.7737445456,46697.994492956066,47977.14501191893,53728.63209831698,54647.200324816375,55740.1443313127,54803.20474028332,55701.7867941184,56815.82253000076,57952.13898060078,59111.1817602128,59705.95989916115,60742.43359766419,61535.91001093863,62676.97560374673
209021429,Preston - West,53574.524876801195,46724.82908667407,48723.59847541884,50057.435668149774,50761.910308923754,53914.816385363825,54646.01537433722,55738.93568182397,54993.1127130711,58453.174690476175,59622.2381842857,60814.68294797141,62030.976606930846,62655.13379216669,63742.80407435375,64575.47422853272,65772.9027181471
209031215,Wattle Glen - Diamond Creek,53577.76218813905,50254.44868370346,51259.40489826179,52230.70590820501,53115.48338438508,53934.221503923996,54649.317431901836,55742.30378053987,55012.905934002476,60865.675,62082.98850000001,63324.648270000005,64591.141235400006,65241.05885897896,66373.61985764687,67240.65627191908,68487.50545796483
209041216,Bundoora - North,53577.70473958689,45721.97163964663,45283.26835748568,46410.89929668374,46673.49209288287,53951.05010445649,54649.25883437863,55742.2440110662,55030.07110654562,52001.96063095239,53041.99984357144,54102.83984044287,55184.89663725173,55740.16840043706,56707.7974042209,57448.5694975327,58513.843188911065
209041217,Bundoora - West,53578.866455742915,42959.63741114222,43028.243349009426,42729.061263179494,42991.81427143981,53893.770629869396,54650.44378485777,55743.45266055493,54971.64604246678,48511.29426523558,49481.52015054029,50471.150553551095,51480.57356462212,51998.57233955728,52901.24859969418,53592.29587110675,54586.06235391721
209041220,Mill Park - North,53577.70473958689,45321.85779584436,46206.2554993701,47247.04522749574,47622.76291439942,53777.08474738727,54649.25883437863,55742.2440110662,54852.626442335015,53343.82396142746,54410.700440656015,55498.914449469135,56608.89273845852,57178.49278481675,58171.09057558338,58930.977619489226,60023.73973026634
209041223,Thomastown,53578.866455742915,40574.97141844929,40620.03754994127,41272.858831777434,41397.87258068647,53573.79024468771,54650.44378485777,55743.45266055493,54645.26604958147,46357.51564021165,47284.66595301588,48230.3592720762,49194.96645751772,49689.96739852282,50552.567118467465,51212.933640899966,52162.57940829022
209041431,Epping - East,53581.390852663804,43690.678095024705,43460.642106534055,44830.934093096366,45302.23620950042,53598.23239478023,54653.01866971708,55746.07904311142,54670.197042675834,51323.26722222222,52349.732566666666,53396.727218,54464.66176236,55012.686504833895,55967.68668810797,56698.790739465156,57750.16121980955
209041432,Epping - South,53581.390852663804,42167.15160391936,42759.20593300387,43671.6484186134,43592.01961277464,53770.326318670064,54653.01866971708,55746.07904311142,54845.732845043465,47665.98731262279,48619.307058875245,49591.69320005275,50583.52706405381,51092.49973542835,51979.44690545934,52658.452711642894,53634.902861629904
209041433,Epping - West,53582.096628555955,47492.288745248756,47634.02310307153,47814.759019372184,48217.80405915167,53934.37275098665,54653.73856112707,55746.813332349615,55013.06020600638,53432.924314814816,54501.58280111112,55591.614457133335,56703.446746276,57273.99819734524,58268.2539272576,59029.41021283228,60123.9975675272
209041436,South Morang (South),53580.22913650777,47145.046329045974,47359.94484953117,48355.48890174836,49114.759741714595,53748.40916679305,54651.833719237926,55744.87039362269,54823.37735012891,55451.60060286058,56560.6326149178,57691.84526721616,58845.68217256048,59437.788848243625,60469.60719506242,61259.5196860084,62395.46014960485
209041437,Wollert,53582.096628555955,50010.068451551466,48597.92674312604,48918.76729116466,48602.013711079766,53725.4357404474,54653.73856112707,55746.813332349615,54799.94445525635,53917.6949713481,54996.04887077506,56095.969848190565,57217.88924515438,57793.61702907584,58796.893152484015,59564.95503487964,60669.473042582475
210011231,Strathmore,53598.47980729232,52406.04236027918,53414.414423408474,55486.18430096429,56277.62643393051,54038.427531651774,54670.44940343817,55763.85839150694,55119.19608228481,63119.67260449735,64382.0660565873,65669.70737771904,66983.10152527342,67657.08711107686,68831.58947945676,69730.73427009679,71023.75718342834
210021232,Gisborne,53597.31809113629,50191.18107714824,50958.4130885098,52514.845141092905,54090.11464455009,53936.37339824766,54669.26445295901,55762.64974201819,55015.10086621262,62613.53940079366,63865.81018880954,65143.126392585735,66445.98892043745,67114.57006623484,68279.65453648668,69171.58941911068,70454.24406209825
210031236,Coburg North,53596.612315244136,45393.737641432024,47135.02970600564,47794.28350347349,48960.93564709682,54050.72666868411,54668.54456154902,55761.91545278,55131.74120205779,57300.80434391533,58446.82043079364,59615.75683940952,60808.07197619771,61419.92426549476,62486.15176058488,63302.40630689956,64476.228190185626
210031237,Fawkner,53596.612315244136,40170.37730459623,39953.94036787184,41022.26057201529,41859.33355505207,53684.49562351208,54668.54456154902,55761.91545278,54758.18553598232,46509.63927884831,47439.83206442528,48388.62870571378,49356.40127982806,49853.02658191538,50718.45694984175,51380.990485688126,52333.752545389485
210031440,Hadfield,53596.612315244136,43552.13621490845,43851.142309841096,45561.49061811683,47433.23234113636,53965.917881614245,54668.54456154902,55761.91545278,55045.23623924653,55067.82753095272,56169.18408157177,57292.56776320321,58438.41911846728,59026.427903461,60051.10517423682,60835.55078704236,61963.62955942558
210051242,Broadmeadows,53595.98981789474,37790.0013354515,37596.797019881866,37506.81760337641,36481.330641290246,53584.8419054869,54667.90961425264,55761.2678065377,54656.53874359664,38477.02466666666,39246.56516,40031.4964632,40832.126392464,41242.98023469526,41958.94333675976,42507.05163423366,43295.263493990344
210051243,Campbellfield - Coolaroo,53595.98981789474,36572.169063452835,36612.660330685525,37907.02752792745,37828.852170218,53498.785130850105,54667.90961425264,55761.2678065377,54568.76083346711,39694.66333333333,40488.5566,41298.327732,42124.29428664,42548.14995344016,43286.770326032536,43852.223983817086,44665.37948841843
210051245,Gladstone Park - Westmeadows,53594.828101738705,46033.45563599848,46581.84399368196,47386.933654020024,48421.36463034987,53685.76271648975,54666.72466377348,55760.05915704895,54759.47797081954,54124.56716173178,55207.058504966415,56311.19967506574,57437.423668567055,58015.36041316066,59022.485920881714,59793.49471419491,60902.25055253374
210051247,Meadow Heights,53595.98981789474,37206.27207602261,36810.932380603794,37918.24672028106,38345.3926409604,53603.37193060436,54667.90961425264,55761.2678065377,54675.439369216445,42315.91974867725,43162.2381436508,44025.482906523815,44905.99256465429,45357.83774673135,46145.23327516529,46748.026940486896,47614.8795646534
210051250,Tullamarine,53594.828101738705,46483.082070827986,46707.361681344366,48618.36872492309,49113.77120647133,53843.79703293621,54666.72466377348,55760.05915704895,54920.672973594934,55328.293476586034,56434.85934611776,57563.55653304012,58714.82766370092,59305.61767815458,60335.14158164261,61123.29755270084,62256.71203773828
210051441,Craigieburn - Central,53595.98981789474,43689.39172859604,44442.00039672307,45589.041987085606,45455.26273906425,53631.267702309495,54667.90961425264,55761.2678065377,54703.893056355686,48902.09171825396,49880.133552619045,50877.73622367143,51895.29094814485,52417.46261941224,53327.41066210421,54024.02487452863,55025.7969448267
210051443,Craigieburn - South,53594.828101738705,45147.38149842775,45515.64629130471,46167.33394106493,46664.17434182411,53611.38922932911,54666.72466377348,55760.05915704895,54683.61701391569,50411.11734391535,51419.339690793655,52447.72648460953,53496.68101430172,54034.965911103034,54972.99322129043,55691.10362458957,56723.78847738907
211011251,Bayswater,53605.23179528158,45314.5748177345,45673.17407084867,46670.24265044531,46864.94711508057,53778.346102149204,54677.336431187214,55770.88315981096,54853.91302419219,52954.901976190486,54014.00001571429,55094.28001602858,56196.16561634915,56761.612792433574,57746.973698502814,58501.32051758553,59586.11546032043
211011255,Lysterfield,53608.26100348581,50499.71106042824,50716.715295232054,51613.423542861834,52523.66463989411,53940.7456536232,54680.42622355552,55774.034748026635,55019.56056669566,58169.223333333335,59332.607800000005,60519.25995600001,61729.64515512001,62350.770336007816,63433.1569795493,64261.782223908005,65453.393896103866
211011256,Rowville - Central,53607.09928732977,46973.23770354228,47508.459990777716,48290.723125167555,48728.23046154685,53903.57439168938,54679.24127307637,55772.826098537895,54981.64587952317,55921.55769120499,57039.98884502909,58180.78862192967,59344.40439436826,59941.529225095954,60982.09232122224,61778.69938852411,62924.267045330496
211011259,Wantirna,53607.09928732977,45614.757929811894,45896.77229562975,46445.596687900186,47087.083986124024,53992.51835876127,54679.24127307637,55772.826098537895,55072.368725936496,54032.55097156084,55113.20199099205,56215.46603081189,57339.77535142813,57916.72955629558,58922.14286829657,59691.840883612465,60798.711746358436
211011446,Boronia,53605.23179528158,45522.41401651174,46647.77286108621,47251.96797155406,47722.003384176285,53611.92244703558,54677.336431187214,55770.88315981096,54684.16089597629,54636.19838660681,55728.92235433895,56843.500801425726,57980.37081745424,58563.7707093771,59580.416419921734,60358.71344100281,61477.95017807957
211011447,Ferntree Gully (North),53605.23179528158,46036.3656133856,46662.23009917214,47803.721011122936,48385.69322666746,53857.4037360775,54677.336431187214,55770.88315981096,54934.55181079905,54573.017225191696,55664.47756969553,56777.76712108945,57913.32246351124,58496.047713276894,59511.51777729712,60288.91477767452,61406.85723222367
211011448,Ferntree Gully (South) - Upper Ferntree Gully,53605.23179528158,46142.93240172406,46984.637506562096,48005.11394006364,48216.74421781626,53779.58769301011,54677.336431187214,55770.88315981096,54855.17944687031,54291.9621473344,55377.801390281085,56485.35741808671,57615.06456644844,58194.788738048184,59205.02905608007,59978.42240436755,61090.60737253278
211011449,The Basin,53607.09928732977,46300.0754440031,47583.68989570222,49972.8566528426,49766.82220788191,53873.73650570356,54679.24127307637,55772.826098537895,54951.21123581763,55402.36690956315,56510.414247754416,57640.6225327095,58793.434983363695,59385.01594656689,60415.91817505053,61205.12932809305,62340.06122667458
211031263,Bayswater North,53606.579331541914,46835.26548354491,48018.22370294362,48994.91258371533,49342.821644749165,53814.030677195944,54678.71091817275,55772.28513653621,54890.31129073986,55614.71532799413,56727.00963455401,57861.549827245086,59018.78082378999,59612.62922228372,60647.482734259145,61439.71880752628,62579.00071869995
211031265,Croydon Hills - Warranwood,53608.44682359011,48824.67296746736,49649.51521046441,50231.336276711314,51011.05021100739,53898.55669018325,54680.61576006191,55774.22807526315,54976.527823986915,58533.51507936506,59704.18538095236,60898.26908857141,62116.23447034284,62741.2495222601,63830.414742128756,64664.22935158081,65863.30363496144
211031266,Ringwood,53606.579331541914,45192.10380970094,45938.99287407192,46761.480077388114,47358.45880291349,53598.92515837877,54678.71091817275,55772.28513653621,54670.90366154635,54438.04156283069,55526.8023940873,56637.33844196905,57770.08521080843,58351.36920387689,59364.32770171537,60139.80196297408,61254.97940596703
211031267,Ringwood East,53608.44682359011,47920.256035633305,48653.438267767895,49528.14066440391,50501.02797277197,53780.51120069428,54680.61576006191,55774.22807526315,54856.121424708166,57663.517640211634,58816.78799301587,59993.123752876185,61192.98622793371,61808.71153373094,62881.68823406824,63703.10966033339,64884.36181985077
211031268,Ringwood North,53608.44682359011,49088.80549311191,49709.57849660691,50979.98163179302,51341.63426471895,53847.1396115991,54680.61576006191,55774.22807526315,54924.08240383108,59425.36658730159,60613.873919047626,61826.15139742858,63062.67442537715,63697.212578987164,64802.97296903165,65649.49207463043,66866.83616815846
211031450,Croydon - East,53606.579331541914,46480.54361029553,47250.00459488146,48325.17879471428,48664.21423880059,53778.097638301784,54678.71091817275,55772.28513653621,54853.65959106782,54597.99091224783,55689.95073049278,56803.74974510264,57939.8247400047,58522.8166563167,59538.75141942969,60316.504171979,61434.958219004184
211041269,Forest Hill,53606.579331541914,44953.753500289175,44782.646169432264,45706.65622796089,46470.35106838199,53988.432437490104,54678.71091817275,55772.28513653621,55068.201086239904,53088.28742063492,54150.05316904762,55233.05423242857,56337.71531707714,56904.586769670015,57892.42965186402,58648.676557283856,59736.203935547244
211041270,Mitcham (Vic.),53608.44682359011,49896.570681078214,49962.28319911418,51218.34786869722,51667.126941487106,54020.610568604105,54680.61576006191,55774.22807526315,55101.022779976185,58993.18326984126,60173.04693523809,61376.50787394285,62604.03803142171,63233.961374555474,64331.67989256568,65172.042512199594,66380.53321804076
211041271,Nunawading,53606.579331541914,47677.3591165796,47970.5895695285,48560.59205373627,49070.65089807284,53915.89113289677,54678.71091817275,55772.28513653621,54994.208955554706,55962.417006854266,57081.66534699135,58223.29865393118,59387.764627009805,59985.32574944588,61026.6491372692,61823.83824879436,62970.242919311015
211041272,Vermont,53608.44682359011,47116.254706025844,47689.46406822372,48109.79628269126,48262.35539092358,53960.920347834115,54680.61576006191,55774.22807526315,55040.1387547908,56938.41797354497,58077.186333015874,59238.73005967619,60423.50466086972,61031.487424549116,62090.97179768207,62902.064121132265,64068.46242534966
211051275,Chirnside Park,53612.16056118965,45140.38846053359,46550.69010286916,47638.05800504339,49168.77552553348,54009.78972185254,54684.40377241345,55778.09184786172,55089.98551628959,55891.250755254,57009.07577035908,58149.25728576626,59312.24243148159,59909.043647761704,60949.042806107835,61745.218148680215,62890.16496001957
211051277,Kilsyth,53613.32227734568,44702.62039175,46092.00118783707,47055.724423714855,47921.51474907445,53937.45377667147,54685.58872289259,55779.30049735044,55016.2028522049,55488.20999333123,56597.97419319785,57729.93367706181,58884.53235060305,59477.029937716245,60509.52949554325,61299.963490188034,62436.65390667188
211051283,Mount Evelyn,53612.16056118965,45040.690740156526,45847.09107924911,47549.978571321975,47238.817672976096,53986.38291418846,54684.40377241345,55778.09184786172,55066.11057247224,53911.45778027065,54989.68693587606,56089.48067459358,57211.27028808545,57786.93147190097,58790.09153647376,59558.06456958304,60662.454806804104
211051284,Upwey - Tecoma,53608.44682359011,47485.56518786777,48666.91119009518,49827.999074826475,51116.25518808389,53890.13157160009,54680.61576006191,55774.22807526315,54967.93420303209,58479.87546825395,59649.47297761903,60842.46243717141,62059.31168591484,62683.75397939998,63771.92109760414,64604.971606500665,65802.9470684938
212021297,Hallam,53600.142760423405,42546.32717109702,43231.554766407,43680.549371761415,44039.542964753826,53821.21286017443,54672.145615631875,55765.588527944514,54897.637117377926,47526.62236613008,48477.15481345268,49446.697909721726,50435.63186791616,50943.11641425414,51827.470344286085,52504.49088564702,53478.08610845056
212021453,Endeavour Hills - North,53597.120634384795,45025.492312741044,45773.194129242715,46646.38798183776,47085.54535984869,53854.349261598574,54669.063047072494,55762.444308013946,54931.43624683055,52176.492402715696,53220.02225077001,54284.42269578541,55370.11114970112,55927.24654578535,56898.12315797454,57641.38147035096,58710.23049047681
212021454,Endeavour Hills - South,53597.120634384795,44531.42996092945,44437.636838080725,45443.69644595248,46169.781066275085,53816.40194098213,54669.063047072494,55762.444308013946,54892.72997980177,51658.6916401469,52691.86547294984,53745.70278240884,54820.616838057016,55372.22320910215,56333.464818495995,57069.34701754606,58127.588754349366
212021455,Narre Warren - North East,53597.120634384795,45269.165516747176,46046.10536606012,46703.372462939114,46762.95811797861,53646.072805415875,54669.063047072494,55762.444308013946,54718.994261524196,53139.06086219336,54201.84207943724,55285.87892102598,56391.596499446496,56959.010105798094,57947.797757267675,58704.767934428266,59793.33541985024
212021456,Narre Warren - South West,53598.28235054082,44167.83734524534,44879.506184320024,45698.68801948112,45689.25613302596,53608.88380514443,54670.24799755164,55763.65295750267,54681.06148124732,49533.421,50524.08942,51534.5712084,52565.262632568,53094.17557511002,54015.871108022424,54721.478656619816,55736.18367148922
212031300,Cranbourne,53598.81503483981,43331.04419083177,43889.56757548707,44331.813961903776,44975.778961421114,53648.65515925143,54670.79133553661,55764.207162247345,54721.62826243646,49090.81444444445,50072.63073333334,51074.08334800001,52095.56501496001,52619.75184872615,53533.211558696035,54232.514141467254,55238.1522459059
212031303,Cranbourne South,53597.65331868378,47026.896259197834,48596.05252774775,49704.182097267585,50578.60409623139,53994.65016723913,54669.60638505745,55762.9985127586,55074.543170583915,57582.85851058201,58734.51568079365,59909.20599440952,61107.39011429771,61722.2541499316,62793.72998160352,63614.00241210822,64793.602248372365
212031304,Cranbourne West,53598.81503483981,45784.79610119209,46877.61915370536,47535.30427706996,47972.74683472633,53714.29379091005,54670.79133553661,55764.207162247345,54788.579666728256,53145.79305555555,54208.70891666666,55292.883095,56398.7407569,56966.226248942694,57955.139170026676,58712.2052478208,59800.91064397512
212031306,Lynbrook - Lyndhurst,53599.52081073197,49298.4347933344,49202.343193829794,50001.49310725156,50370.90979563107,53891.501535648844,54671.51122694661,55764.941451485545,54969.33156636182,55639.344792686825,56752.13168854056,57887.17432231137,59044.9178087576,59639.02919822553,60674.341004159396,61466.92792612332,62606.71437828836
212031308,Pearcedale - Tooradin,53597.65331868378,45169.78731373324,45964.84010276733,46899.20805139975,47775.36138919069,53908.12899276378,54669.60638505745,55762.9985127586,54986.291572619055,53703.82674697791,54777.90328191747,55873.46134755582,56990.930574506936,57564.374694801205,58563.6712548549,59328.686567268596,60428.82342875927
212031457,Narre Warren South (East),53599.52081073197,47538.00864466372,47834.959562094795,47985.81551394257,48795.9633511544,53864.10464620414,54671.51122694661,55764.941451485545,54941.386739128226,53242.32974645262,54307.17634138167,55393.319868209306,56501.186265573495,57069.70256679946,58060.411799039946,58818.853049726196,59909.53602510672
212031458,Narre Warren South (West),53597.65331868378,45762.12427105043,46213.27898995512,46884.33355031962,46534.77025010067,53673.377216859866,54669.60638505745,55762.9985127586,54746.84476119706,51154.6689385965,52177.76231736843,53221.317563715806,54285.743914990126,54831.968381761275,55783.8313642982,56512.53371960442,57560.450420249384
212041309,Clarinda - Oakleigh South,53598.81503483981,44211.661664208994,44610.50263548869,45275.49524608928,46042.407511082754,53908.85747685585,54670.79133553661,55764.207162247345,54987.03462639297,53051.47727537545,54112.50682088296,55194.75695730062,56298.65209644663,56865.13049396979,57852.28842960112,58608.01097155412,59694.784284416026
212041310,Clayton South,53598.81503483981,40984.566574286226,40712.84493942665,41357.871303364955,41410.25999436495,53894.597497966024,54670.79133553661,55764.207162247345,54972.48944792535,44362.2148876864,45249.45918544012,46154.44836914892,47077.5373365319,47551.232654566316,48376.7047190151,49008.648022451605,49917.419534866414
212041316,Noble Park North,53598.81503483981,43207.32129112123,43182.93175273109,43440.255319903896,44357.1995979644,53816.795756016305,54670.79133553661,55764.207162247345,54893.13167113663,47861.514556763206,48818.74484789847,49795.11974485644,50791.02213975357,51302.08263159271,52192.668084299294,52874.45919173272,53854.91476818064
212041317,Springvale,53598.81503483981,37410.139693410856,37578.14278974618,37432.43112758178,37536.21595554637,53596.082402819164,54670.79133553661,55764.207162247345,54668.00405087555,39537.97136363637,40328.730790909096,41135.30540672728,41958.01151486182,42380.194040395094,43115.89875956404,43679.12032769295,44489.06595653302
212041318,Springvale South,53598.81503483981,38787.54566504052,39509.32327586225,40316.996905127824,40691.510615129235,53819.54881345191,54670.79133553661,55764.207162247345,54895.93978972095,42743.409328042326,43598.27751460317,44470.24306489524,45359.64792619314,45816.05779947794,46611.407860986976,47220.291149598415,48095.90100900587
212041459,Noble Park - East,53598.81503483981,40940.00320754767,41774.66053383215,42375.821063872405,41769.39263542241,53768.80517548531,54670.79133553661,55764.207162247345,54844.18127899501,43145.807460317454,44008.72360952381,44888.89808171428,45786.67604334857,46247.38268386483,47050.22038813067,47664.83587035892,48548.688960186366
212041460,Noble Park - West,53598.81503483981,39613.360669568894,39565.45673614402,40276.85097953348,40321.93655061498,53653.85619615819,54670.79133553661,55764.207162247345,54726.93332008135,42239.68123280424,43084.47485746032,43946.16435460953,44825.08764170172,45276.118756489435,46062.0956730428,46663.8033146009,47529.09417293696
212051319,Ashwood - Chadstone,53597.65331868378,46900.05512596729,47227.957631658726,48300.149376262656,48384.77346034452,53792.163036699276,54669.60638505745,55762.9985127586,54868.00629743326,54610.41474603176,55702.62304095239,56816.67550177144,57953.00901180687,58536.13358858027,59552.299528782765,60330.22925983919,61448.93781233138
212051322,Glen Waverley - West,53597.65331868378,42785.401382964876,43497.39413957248,43771.1393403205,42699.129503776305,53963.76677629565,54669.60638505745,55762.9985127586,55043.04211182156,50703.11694444444,51717.17928333333,52751.522869,53806.55332638,54347.95616587171,55291.4168727837,56013.68683377461,57052.35337435209
212051323,Mount Waverley - North,53593.93958108424,46024.98734918856,46492.178874014025,46246.0369803476,46782.60818729833,53917.830855813816,54665.81837270592,55759.13474016004,54996.18747293009,52811.07966666667,53867.30126000001,54944.64728520001,56043.54023090401,56607.45168667278,57590.13641214425,58342.434470911045,59424.28317622123
212051326,Oakleigh - Huntingdale,53597.65331868378,47002.35822194177,48071.08001295675,48543.572672987066,49176.99952925712,53965.142318253835,54669.60638505745,55762.9985127586,55044.44516461891,54083.10856746033,55164.77073880954,56268.06615358573,57393.427476657445,57970.92153050515,58977.27559542315,59747.693807741096,60855.600355991184
213011328,Ardeer - Albion,53590.915559074434,40575.31586941796,41695.715878185874,41677.97990845989,41960.044171034686,53883.62731714467,54662.73387025592,55755.98854766104,54961.29986348756,46776.0349402868,47711.55563909254,48665.7867518744,49639.102486911885,50138.57233537471,51008.95967348763,51675.288036863174,52633.50728098959
213011329,Cairnlea,53589.753842918406,45927.3718411875,45815.675583532866,46611.40440058806,46883.545140921866,53910.852161575924,54661.548919776775,55754.77989817231,54989.06920480744,51679.61095328551,52713.20317235123,53767.46723579825,54842.81658051421,55394.64632590428,56356.27719243163,57092.4573887725,58151.127663147425
213011331,Delahey,53590.915559074434,43293.167302392605,43280.2851664365,43647.22855438414,44629.5885985607,53789.43071820165,54662.73387025592,55755.98854766104,54865.219332565684,49722.564055555566,50717.01533666668,51731.35564340001,52765.982756268015,53296.91534954393,54222.13037103329,54930.432277602944,55949.01193716931
213011332,Keilor Downs,53590.915559074434,45064.74782050011,45433.00314693936,46167.73176561418,46945.57718854531,53825.598448177065,54662.73387025592,55755.98854766104,54902.110417140604,52356.98141081872,53404.1210390351,54472.2034598158,55561.64752901212,56120.71016877233,57094.945238930915,57840.77463168065,58913.32101609012
213011333,Kings Park (Vic.),53590.915559074434,41012.85111137324,41809.7920421702,41917.71224318534,41704.61161611372,53617.478486613116,54662.73387025592,55755.98854766104,54689.82805634538,45556.59816666666,46467.73013,47397.0847326,48345.026427252,48831.47525113872,49679.17186036145,50328.12924924881,51261.36801384185
213011334,St Albans - North,53590.915559074434,38350.6895317821,38412.20401135512,38953.99541969816,39208.72558676012,53543.47800484685,54662.73387025592,55755.98854766104,54614.34756494379,41700.52386231362,42534.53433955989,43385.22502635109,44252.929526878106,44698.2035728916,45474.14809253222,46068.17539417396,46922.421473518465
213011335,St Albans - South,53590.915559074434,38308.280956781644,37925.97922121316,38618.46085934327,38494.728264321675,53597.86990227493,54662.73387025592,55755.98854766104,54669.82730032043,41501.31891786917,42331.34529622655,43177.97220215108,44041.5316461941,44484.67860162495,45256.91640560326,45848.1060168598,46698.271331095944
213011336,Sunshine,53590.915559074434,39708.347871713624,40124.75046081803,40891.299347827684,40885.13248693262,53850.158001765805,54662.73387025592,55755.98854766104,54927.16116180112,44576.76098809524,45468.29620785714,46377.66213201429,47305.215374654574,47781.20159460909,48610.66583602362,49245.665365840505,50158.831910934474
213011337,Sunshine North,53590.915559074434,38496.03595159574,39400.81934872888,40235.81439690736,40288.630190543045,53643.10676489593,54662.73387025592,55755.98854766104,54715.968900193846,44166.36391798942,45049.69119634921,45950.68502027619,46869.698720681714,47341.30276154223,48163.130519576436,48792.28391026659,49697.04336461825
213011338,Sunshine West,53590.915559074434,41400.43400692061,41795.50527890278,42423.83115986002,42655.53331751963,53603.37122473703,54662.73387025592,55755.98854766104,54675.43864923177,47603.8838232048,48555.9614996689,49527.08072966227,50517.62234425552,51025.931880747245,51911.72345708777,52589.84459409155,53565.02253794215
213011339,Sydenham,53589.753842918406,45064.25138802585,45926.33997090004,46358.09378960246,46825.40305388412,53751.22764176752,54661.548919776775,55754.77989817231,54826.252194602865,51738.10184186915,52772.863878706536,53828.32115628067,54904.88757940629,55457.34188468679,56420.06112325943,57157.074526991906,58216.94300243536
213011340,Taylors Lakes,53586.040105318854,47392.003104765696,47820.21501850065,48892.67983773557,49425.12725826263,53977.56127769942,54657.76090742523,55750.916125573734,55057.112503253404,55932.997916453925,57051.657874783006,58192.69103227866,59356.54485292424,59953.791841239225,60994.56781191152,61791.33784613815,62937.13985893484
213021341,Altona,53589.753842918406,51898.96251896298,52073.73749564894,53408.885773298,54443.51850625127,53995.64905902557,54661.548919776775,55754.77989817231,55075.56204020608,64853.044511904765,66150.10540214286,67473.10751018571,68822.56966038943,69515.06401900844,70721.8201891989,71645.65700146194,72974.18848923821
213021342,Altona Meadows,53589.753842918406,47203.02627444685,47933.125610252326,49312.629500184354,49801.46951153301,53674.22576419293,54661.548919776775,55754.77989817231,54747.71027947679,56693.04010437953,57826.90090646712,58983.43892459646,60163.10770308839,60768.47034628761,61823.38883882279,62630.98573487778,63792.35740961242
213021343,Altona North,53590.915559074434,46850.422674174224,47985.37215408819,50146.37170575685,50988.55228810982,53831.47731964603,54662.73387025592,55755.98854766104,54908.10686603895,60697.57666666667,61911.5282,63149.758764,64412.75393928,65060.876625575715,66190.30972635579,67054.95156640897,68298.35721436708
213021344,Newport,53592.78305112263,57888.98991468524,59163.91863506358,60688.54615186491,61726.84493955601,54007.41623295457,54664.63871214508,55757.931486387984,55087.56455761367,72145.54333333333,73588.45420000001,75060.223284,76561.42774968,77331.79068535783,78674.24238094881,79701.96142287932,81179.88164609208
213021345,Seabrook,53591.62133496659,48815.76147067157,49937.53036538339,50916.28195554519,51528.83964934748,53858.33496956788,54663.45376166592,55756.722836899244,54935.50166895924,57766.246239418,58921.57116420636,60100.00258749049,61302.0026392403,61918.824870801844,62993.71309852973,63816.597901916706,64999.95448351276
213031347,Braybrook,53578.24572496308,41943.12374138618,42464.30676958825,42759.02072830978,43448.49646833459,53535.91273448858,54649.81063946235,55742.8068522516,54606.63098917835,48877.09171897548,49854.633553354986,50851.72622442208,51868.76074891053,52390.66547267228,53300.148326665534,53996.406412098324,54997.666350907646
213031348,Footscray,53578.24572496308,42123.2781708632,42914.9194343921,43612.613112157465,44869.43030256658,53551.871245128525,54649.81063946235,55742.8068522516,54622.908670031095,51976.83388690476,53016.37056464286,54076.69797593571,55158.23193545443,55713.235397766075,56680.396854441766,57420.81101527255,58485.5699787626
213031349,Maribyrnong,53578.95150085524,50132.825343780765,50683.66337204024,50819.728595741806,51087.8889829418,53949.82796208209,54650.53053087235,55743.5411414898,55028.82452132373,57788.19182407406,58943.95566055555,60122.83477376666,61325.291469242,61942.34803357366,63017.64461483208,63840.8420348298,65024.64817743649
213031350,Seddon - Kingsville,53580.113217011276,54834.51448791314,55856.09215411614,57753.80588812987,59069.41036022117,53854.91507772946,54651.7154813515,55744.74979097853,54932.01337928406,66512.39,67842.6378,69199.490556,70583.48036712,71293.69305181227,72531.32557362673,73478.7998952419,74841.32350700596
213031351,West Footscray - Tottenham,53577.084008807054,46615.5933602356,48134.59577833723,48730.779331801794,49733.18447521569,53889.48535736408,54648.62568898319,55741.598202762856,54967.27506451136,57253.43443650793,58398.50312523809,59566.47318774285,60757.80265149771,61369.14912963517,62434.49518687645,63250.0749450669,64422.92644347686
213041360,Taylors Hill,53573.37027120751,50415.884561299776,50106.78200885544,51511.7073009572,51981.00437619753,53770.86840915902,54644.83767663166,55737.734430164295,54846.2857773422,57770.30322222223,58925.70928666668,60104.223472400015,61306.30794184802,61923.173493468414,62998.13721170054,63821.079807132424,65004.51949707662
213041461,Burnside,53578.24572496308,46937.289808972026,46555.774867704466,47401.01122636475,48567.47061281921,53883.461348255674,54649.81063946235,55742.8068522516,54961.13057522079,54924.729837186445,56023.224433930176,57143.68892260878,58286.56270106096,58873.043503114015,59895.058076614914,60677.46525131402,61802.612630214826
213041462,Burnside Heights,53578.95150085524,49652.96153376886,50034.377180623,49865.54666489858,49723.757302893166,53874.227760509915,54650.53053087235,55743.5411414898,54951.71231572011,56152.10772009738,57275.14987449933,58420.65287198932,59589.0659294291,60188.65255043339,61233.50561740064,62033.396888325675,63183.68742244949
213041463,Caroline Springs,53578.95150085524,50957.45567112346,51526.465824687366,52566.66587081978,52541.85238231794,53751.02418414908,54650.53053087235,55743.5411414898,54826.04466783206,58021.72622222223,59182.16074666668,60365.80396160001,61573.12004083201,62192.67026223833,63272.31234613334,64098.836482333245,65287.42663783792
213051361,Hoppers Crossing - North,53577.084008807054,46072.83273114151,46586.05704978416,47090.28230455454,47346.35585466675,53606.08645754502,54648.62568898319,55741.598202762856,54678.20818669592,52073.38866462047,53114.85643791288,54177.153566671135,55260.69663800456,55816.73110262873,56785.68920701227,57527.47879838336,58594.21571161279
213051362,Hoppers Crossing - South,53577.084008807054,44912.11903191677,45178.37341275953,45502.273719172124,45298.06258612101,53650.478495210744,54648.62568898319,55741.598202762856,54723.48806511496,48681.31221502485,49654.93845932535,50648.03722851186,51660.99797308209,52180.812182774076,53086.652060155095,53780.121250876815,54777.37059561739
213051363,Laverton,53578.24572496308,45295.920925416605,46287.36034493568,46552.801676944604,46451.535198481644,53877.27469190825,54649.81063946235,55742.8068522516,54954.820185746416,51224.01387301588,52248.4941504762,53293.46403348572,54359.33331415543,54906.29823923884,55859.4515610052,56589.1417404551,57638.478990121126
213051464,Point Cook - East,53602.65514198156,54475.42247752725,54121.6022134156,53366.36478707406,53346.24217169428,53807.05273706351,54674.70824482119,55768.20240971761,54883.193791804784,59390.66936507937,60578.48275238096,61790.05240742858,63025.85345557716,63660.02111569949,64765.13587549917,65611.16071638896,66827.79402829359
213051466,Point Cook - South,53602.65514198156,53572.71390105659,54296.67678749899,54696.68798566387,54894.15497357294,53789.8641234237,54674.70824482119,55768.20240971761,54865.66140589218,63922.59333333333,65201.0452,66505.066104,67835.16742607999,68517.72651956255,69707.16927433432,70617.75173505153,71927.22268838606
213051467,Werribee - East,53575.672116518566,44492.86710990373,44529.45245679033,44950.92231377621,45482.453444199506,53513.20799054455,54647.18555884894,55740.12927002592,54583.47215035544,49639.66377777778,50632.45705333334,51645.10619440001,52678.00831828801,53208.05571064359,54131.72816119473,54838.8491466691,55855.730572479406
214011370,Carrum Downs,53582.2621082066,45168.89062725435,45853.843517287045,47362.459785002175,48420.34268176275,53604.31575238442,54653.90735037073,55746.98549737815,54676.40206743211,54564.35550925927,55655.64261944445,56768.75547183334,57904.13058127001,58486.763342094484,59502.07223281553,60279.34584635588,61397.110863400885
214011371,Frankston,53583.42382436264,43630.89197668725,44443.237020798835,45191.482945100186,46058.436249980936,53525.35529128953,54655.092300849894,55748.194146866896,54595.86239711532,52023.5463831797,53064.0173108433,54125.29765706017,55207.80361020137,55763.30586390193,56731.336525616935,57472.41610969772,58538.13199082581
214011372,Frankston North,53583.42382436264,41822.22725798162,42674.055432947214,43722.36335409898,44272.56074335045,53555.895977210275,54655.092300849894,55748.194146866896,54627.013896754484,49930.1020925926,50928.70413444445,51947.27821713334,52986.22378147601,53519.37244526841,54448.44924084453,55159.707543370656,56182.53867361492
214011373,Frankston South,53584.1296002548,45897.76911242735,47182.338040734074,48852.754404016334,50540.333178047884,53881.35772318197,54655.812192259895,55748.928436105096,54958.98487764561,56315.01911111111,57441.319493333336,58590.145883200006,59761.94880086401,60363.274973497384,61411.15942207177,62213.37137880713,63366.99919515583
214011374,Langwarrin,53582.2621082066,46652.55665749836,47504.34744942159,48576.53178695743,49819.0745869278,53625.739076431826,54653.90735037073,55746.98549737815,54698.253857960466,57094.77572435898,58236.67123884616,59401.404663623085,60589.43275689555,61199.085093085836,62261.47890064815,63074.79855277925,64244.39988619716
214011375,Seaford (Vic.),53583.42382436264,45746.63991160591,47088.390727214275,48103.07705275049,49218.00273941489,53674.395876821334,54655.092300849894,55748.194146866896,54747.88379435776,55788.46772970353,56904.2370842976,58042.32182598356,59203.168262503226,59798.87197185994,60836.95859007465,61631.669780217584,62774.51105454043
214011376,Skye - Sandhurst,53584.1296002548,50283.14419537285,50959.08458507594,51565.77693185313,52137.924820037966,53924.96740980437,54655.812192259895,55748.928436105096,55003.46675800046,57774.84834391533,58930.34531079364,60108.95221700951,61311.1312613497,61928.045345327446,63003.093637131846,63826.10097818621,65009.63377613066
214021377,Dromana,53583.42382436264,40773.96189495298,42144.22219603625,42534.11932034681,43156.219575525814,53870.15810559527,54655.092300849894,55748.194146866896,54947.56126770718,48393.30131707127,49361.16734341269,50348.39069028095,51355.358504086566,51872.097362057524,52772.57806269051,53461.944515108036,54453.293881680525
214021382,Mount Martha,53578.548370607066,45924.32797591425,47022.340405440504,48007.45313725416,49531.6546742894,53927.08761535205,54650.119338019205,55743.121724779594,55005.629367659094,54365.09454232805,55452.39643317461,56561.444361838105,57692.67324907487,58273.17832111416,59284.77945373175,60059.21457884208,61172.897683143514
214021384,Rosebud - McCrae,53583.42382436264,37609.54165789475,38176.85829925481,39280.60094325956,39448.889426103386,53660.57307451034,54655.092300849894,55748.194146866896,54733.78453600055,44175.14584259259,45058.64875944444,45959.82173463333,46879.018169326,47350.71598270393,48172.70715082598,48801.985640735336,49706.92499509703
214021385,Somerville,53582.2621082066,44042.94912254816,45687.95280159622,46635.426322886495,47835.185114143824,53670.22971686105,54653.90735037073,55746.98549737815,54743.63431119827,53358.08277242664,54425.24442787518,55513.74931643268,56624.02430276133,57193.77660328515,58186.639715568796,58946.72987737912,60039.78408360885
215011386,Ararat,53576.47095197938,40375.79265196758,41206.781012928994,41975.56868812609,42491.97563962111,53626.30093054548,54648.00037101897,55740.96037843935,54698.82694915639,47695.993112688746,48649.91297494252,49622.91123444137,50615.369459130205,51124.662529453286,52012.168033863854,52691.6012750721,53668.666101679206
215011388,Horsham,53576.47095197938,42653.62032932883,42713.163704866274,43211.921576278604,44669.507742002184,53594.88521711008,54648.00037101897,55740.96037843935,54666.782921452286,49269.12711111111,50254.50965333333,51259.5998464,52284.791843328,52810.88268201274,53727.660353573214,54429.50301455971,55438.793900361496
215011390,Nhill Region,53576.47095197938,41838.034775398686,40622.83823204867,36683.435832099094,42485.26134863836,53881.78035745731,54648.00037101897,55740.96037843935,54959.41596460646,45377.37192592592,46284.919364444446,47210.61775173333,48154.830106768,48639.36517068303,49483.72681894129,50130.13111567753,51059.698384104864
215021395,Irymple,53571.07907195302,40926.44471416026,42107.12258045676,43097.392719927484,43505.2373113635,53920.316670680186,54642.50065339208,55735.350666459926,54998.723004093794,49370.7755,50358.19101,51365.3548302,52392.661926804,52919.83815687473,53838.50725575993,54541.79790618578,55553.171085676884
215021396,Merbein,53571.07907195302,38394.59230399161,38878.32170553596,39831.733403915794,40491.23064086362,53949.67357171738,54642.50065339208,55735.350666459926,55028.66704315173,45937.00696296297,46855.74710222223,47792.86204426668,48748.719285152016,49239.23007632781,50094.00516067196,50748.38150332428,51689.413041069456
215021469,Mildura - North,53571.07907195302,39446.2670190631,40097.58585089602,40658.78121723086,41116.617207388634,53611.40835501804,54642.50065339208,55735.350666459926,54683.636522118395,40360.94863492063,41168.16760761904,41991.53095977142,42831.361578966855,43262.33177394456,44013.35008259143,44588.29502785075,45415.09956018338
215021470,Mildura - South,53571.07907195302,42181.69117810677,42785.237572854814,43384.29415239291,43789.66314615675,53611.785636710745,54642.50065339208,55735.350666459926,54684.02134944496,45854.71562962963,46771.80994222222,47707.246141066666,48661.391063888,49151.02315639166,50004.26700076086,50657.47109678027,51596.81687515474
216011409,Rochester,53571.07907195302,40338.26430066088,41048.7534578121,39280.30659603427,41291.49244277908,54003.58809037884,54642.50065339208,55735.350666459926,55083.65985218642,45051.294400148094,45952.32028815106,46871.36669391408,47808.79402779236,48289.847268320795,49128.141413208104,49769.900709478556,50692.78819496413
216031415,Mooroopna,53571.07907195302,40905.01332429968,41544.44232641286,41330.94786922678,42689.09980952142,53542.32970273853,54642.50065339208,55735.350666459926,54613.176296793295,45549.54061111112,46460.53142333334,47389.74205180001,48337.53689283601,48823.9103568465,49671.47564226204,50320.33249570537,51253.4266844369
217011421,Hamilton (Vic.),53571.07907195302,39971.50141965305,41365.571456744794,41341.49514713011,42336.53903777381,53640.610310944714,54642.50065339208,55735.350666459926,54713.422517163606,46639.04782153033,47571.82877796094,48523.26535352016,49493.73066059056,49991.73777422488,50859.57611788365,51523.953088783084,52479.36611614578
217031471,Camperdown,53571.07907195302,39790.53626816608,40818.677641098395,40899.62191937464,41276.47349731357,53960.97956712046,54642.50065339208,55735.350666459926,55040.19915846287,48160.84984274549,49124.0668396004,50106.54817639241,51108.67913992026,51622.93590416941,52519.091252723345,53205.146415275245,54191.73395292596
217031472,Colac,53571.07907195302,41509.840339140566,42277.92600458761,43722.92213272278,44147.79051500611,53618.67448631542,54642.50065339208,55735.350666459926,54691.04797604174,48441.14099338624,49409.96381325396,50398.16308951904,51406.12635130942,51923.37603658564,52824.74691631519,53514.794848752645,54507.12422353952
217041479,Warrnambool - North,53571.07907195302,42424.80478356731,43074.94962269036,43572.94288428058,44305.40145349143,53579.5783315422,54642.50065339208,55735.350666459926,54651.169898173044,49287.99847222223,50273.75844166667,51279.23361050001,52304.81828271001,52831.110627911636,53748.23944923897,54450.35093427565,55460.028404819015
